COUNTRY,TIME,VALUE ,MEASURE,,,,,,,,,,,,,,,,,,,,,,,,,,,,
Algeria ,1/1/09,1293,Thousand barrels per day,,,,,,,,,,,,,,,,,,,,,,,,,,,,
Algeria ,2/1/09,1222,Thousand barrels per day,,,,,,,,,,,,,,,,,,,,,,,,,,,,
Algeria ,3/1/09,1192,Thousand barrels per day,,,,,,,,,,,,,,,,,,,,,,,,,,,,
Algeria ,4/1/09,1197,Thousand barrels per day,,,,,,,,,,,,,,,,,,,,,,,,,,,,
Algeria ,5/1/09,1219,Thousand barrels per day,,,,,,,,,,,,,,,,,,,,,,,,,,,,
Algeria ,6/1/09,1212,Thousand barrels per day,,,,,,,,,,,,,,,,,,,,,,,,,,,,
Algeria ,7/1/09,1207,Thousand barrels per day,,,,,,,,,,,,,,,,,,,,,,,,,,,,
Algeria ,8/1/09,1235,Thousand barrels per day,,,,,,,,,,,,,,,,,,,,,,,,,,,,
Algeria ,9/1/09,1200,Thousand barrels per day,,,,,,,,,,,,,,,,,,,,,,,,,,,,
Algeria ,10/1/09,1227,Thousand barrels per day,,,,,,,,,,,,,,,,,,,,,,,,,,,,
Algeria ,11/1/09,1222,Thousand barrels per day,,,,,,,,,,,,,,,,,,,,,,,,,,,,
Algeria ,12/1/09,1203,Thousand barrels per day,,,,,,,,,,,,,,,,,,,,,,,,,,,,
Algeria ,1/1/10,1237,Thousand barrels per day,,,,,,,,,,,,,,,,,,,,,,,,,,,,
Algeria ,2/1/10,1219,Thousand barrels per day,,,,,,,,,,,,,,,,,,,,,,,,,,,,
Algeria ,3/1/10,1184,Thousand barrels per day,,,,,,,,,,,,,,,,,,,,,,,,,,,,
Algeria ,4/1/10,1194,Thousand barrels per day,,,,,,,,,,,,,,,,,,,,,,,,,,,,
Algeria ,5/1/10,1189,Thousand barrels per day,,,,,,,,,,,,,,,,,,,,,,,,,,,,
Algeria ,6/1/10,1193,Thousand barrels per day,,,,,,,,,,,,,,,,,,,,,,,,,,,,
Algeria ,7/1/10,1191,Thousand barrels per day,,,,,,,,,,,,,,,,,,,,,,,,,,,,
Algeria ,8/1/10,1198,Thousand barrels per day,,,,,,,,,,,,,,,,,,,,,,,,,,,,
Algeria ,9/1/10,1179,Thousand barrels per day,,,,,,,,,,,,,,,,,,,,,,,,,,,,
Algeria ,10/1/10,1210,Thousand barrels per day,,,,,,,,,,,,,,,,,,,,,,,,,,,,
Algeria ,11/1/10,1234,Thousand barrels per day,,,,,,,,,,,,,,,,,,,,,,,,,,,,
Algeria ,12/1/10,1219,Thousand barrels per day,,,,,,,,,,,,,,,,,,,,,,,,,,,,
Algeria ,1/1/11,1205,Thousand barrels per day,,,,,,,,,,,,,,,,,,,,,,,,,,,,
Algeria ,2/1/11,1219,Thousand barrels per day,,,,,,,,,,,,,,,,,,,,,,,,,,,,
Algeria ,3/1/11,1153,Thousand barrels per day,,,,,,,,,,,,,,,,,,,,,,,,,,,,
Algeria ,4/1/11,1174,Thousand barrels per day,,,,,,,,,,,,,,,,,,,,,,,,,,,,
Algeria ,5/1/11,1193,Thousand barrels per day,,,,,,,,,,,,,,,,,,,,,,,,,,,,
Algeria ,6/1/11,1202,Thousand barrels per day,,,,,,,,,,,,,,,,,,,,,,,,,,,,
Algeria ,7/1/11,1178,Thousand barrels per day,,,,,,,,,,,,,,,,,,,,,,,,,,,,
Algeria ,8/1/11,1183,Thousand barrels per day,,,,,,,,,,,,,,,,,,,,,,,,,,,,
Algeria ,9/1/11,1175,Thousand barrels per day,,,,,,,,,,,,,,,,,,,,,,,,,,,,
Algeria ,10/1/11,1194,Thousand barrels per day,,,,,,,,,,,,,,,,,,,,,,,,,,,,
Algeria ,11/1/11,1182,Thousand barrels per day,,,,,,,,,,,,,,,,,,,,,,,,,,,,
Algeria ,12/1/11,1106,Thousand barrels per day,,,,,,,,,,,,,,,,,,,,,,,,,,,,
Algeria ,1/1/12,1239,Thousand barrels per day,,,,,,,,,,,,,,,,,,,,,,,,,,,,
Algeria ,2/1/12,1221,Thousand barrels per day,,,,,,,,,,,,,,,,,,,,,,,,,,,,
Algeria ,3/1/12,1187,Thousand barrels per day,,,,,,,,,,,,,,,,,,,,,,,,,,,,
Algeria ,4/1/12,1234,Thousand barrels per day,,,,,,,,,,,,,,,,,,,,,,,,,,,,
Algeria ,5/1/12,1220,Thousand barrels per day,,,,,,,,,,,,,,,,,,,,,,,,,,,,
Algeria ,6/1/12,1226,Thousand barrels per day,,,,,,,,,,,,,,,,,,,,,,,,,,,,
Algeria ,7/1/12,1219,Thousand barrels per day,,,,,,,,,,,,,,,,,,,,,,,,,,,,
Algeria ,8/1/12,1216,Thousand barrels per day,,,,,,,,,,,,,,,,,,,,,,,,,,,,
Algeria ,9/1/12,1218,Thousand barrels per day,,,,,,,,,,,,,,,,,,,,,,,,,,,,
Algeria ,10/1/12,1221,Thousand barrels per day,,,,,,,,,,,,,,,,,,,,,,,,,,,,
Algeria ,11/1/12,1188,Thousand barrels per day,,,,,,,,,,,,,,,,,,,,,,,,,,,,
Algeria ,12/1/12,1183,Thousand barrels per day,,,,,,,,,,,,,,,,,,,,,,,,,,,,
Algeria ,1/1/13,1209,Thousand barrels per day,,,,,,,,,,,,,,,,,,,,,,,,,,,,
Algeria ,2/1/13,1212,Thousand barrels per day,,,,,,,,,,,,,,,,,,,,,,,,,,,,
Algeria ,3/1/13,1217,Thousand barrels per day,,,,,,,,,,,,,,,,,,,,,,,,,,,,
Algeria ,4/1/13,1209,Thousand barrels per day,,,,,,,,,,,,,,,,,,,,,,,,,,,,
Algeria ,5/1/13,1217,Thousand barrels per day,,,,,,,,,,,,,,,,,,,,,,,,,,,,
Algeria ,6/1/13,1221,Thousand barrels per day,,,,,,,,,,,,,,,,,,,,,,,,,,,,
Algeria ,7/1/13,1224,Thousand barrels per day,,,,,,,,,,,,,,,,,,,,,,,,,,,,
Algeria ,8/1/13,1212,Thousand barrels per day,,,,,,,,,,,,,,,,,,,,,,,,,,,,
Algeria ,9/1/13,1212,Thousand barrels per day,,,,,,,,,,,,,,,,,,,,,,,,,,,,
Algeria ,10/1/13,1217,Thousand barrels per day,,,,,,,,,,,,,,,,,,,,,,,,,,,,
Algeria ,11/1/13,1227,Thousand barrels per day,,,,,,,,,,,,,,,,,,,,,,,,,,,,
Algeria ,12/1/13,1221,Thousand barrels per day,,,,,,,,,,,,,,,,,,,,,,,,,,,,
Algeria ,1/1/14,1206,Thousand barrels per day,,,,,,,,,,,,,,,,,,,,,,,,,,,,
Algeria ,2/1/14,1269,Thousand barrels per day,,,,,,,,,,,,,,,,,,,,,,,,,,,,
Algeria ,3/1/14,1217,Thousand barrels per day,,,,,,,,,,,,,,,,,,,,,,,,,,,,
Algeria ,4/1/14,1204,Thousand barrels per day,,,,,,,,,,,,,,,,,,,,,,,,,,,,
Algeria ,5/1/14,1204,Thousand barrels per day,,,,,,,,,,,,,,,,,,,,,,,,,,,,
Algeria ,6/1/14,1204,Thousand barrels per day,,,,,,,,,,,,,,,,,,,,,,,,,,,,
Algeria ,7/1/14,1217,Thousand barrels per day,,,,,,,,,,,,,,,,,,,,,,,,,,,,
Algeria ,8/1/14,1216,Thousand barrels per day,,,,,,,,,,,,,,,,,,,,,,,,,,,,
Algeria ,9/1/14,1197,Thousand barrels per day,,,,,,,,,,,,,,,,,,,,,,,,,,,,
Algeria ,10/1/14,1188,Thousand barrels per day,,,,,,,,,,,,,,,,,,,,,,,,,,,,
Algeria ,11/1/14,1204,Thousand barrels per day,,,,,,,,,,,,,,,,,,,,,,,,,,,,
Algeria ,12/1/14,1186,Thousand barrels per day,,,,,,,,,,,,,,,,,,,,,,,,,,,,
Algeria ,1/1/15,1178,Thousand barrels per day,,,,,,,,,,,,,,,,,,,,,,,,,,,,
Algeria ,2/1/15,1144,Thousand barrels per day,,,,,,,,,,,,,,,,,,,,,,,,,,,,
Algeria ,3/1/15,1138,Thousand barrels per day,,,,,,,,,,,,,,,,,,,,,,,,,,,,
Algeria ,4/1/15,1133,Thousand barrels per day,,,,,,,,,,,,,,,,,,,,,,,,,,,,
Algeria ,5/1/15,1184,Thousand barrels per day,,,,,,,,,,,,,,,,,,,,,,,,,,,,
Algeria ,6/1/15,1163,Thousand barrels per day,,,,,,,,,,,,,,,,,,,,,,,,,,,,
Algeria ,7/1/15,1173,Thousand barrels per day,,,,,,,,,,,,,,,,,,,,,,,,,,,,
Algeria ,8/1/15,1174,Thousand barrels per day,,,,,,,,,,,,,,,,,,,,,,,,,,,,
Algeria ,9/1/15,1176,Thousand barrels per day,,,,,,,,,,,,,,,,,,,,,,,,,,,,
Algeria ,10/1/15,1185,Thousand barrels per day,,,,,,,,,,,,,,,,,,,,,,,,,,,,
Algeria ,11/1/15,1195,Thousand barrels per day,,,,,,,,,,,,,,,,,,,,,,,,,,,,
Algeria ,12/1/15,1199,Thousand barrels per day,,,,,,,,,,,,,,,,,,,,,,,,,,,,
Algeria ,1/1/16,1123,Thousand barrels per day,,,,,,,,,,,,,,,,,,,,,,,,,,,,
Algeria ,2/1/16,1125,Thousand barrels per day,,,,,,,,,,,,,,,,,,,,,,,,,,,,
Algeria ,3/1/16,1137,Thousand barrels per day,,,,,,,,,,,,,,,,,,,,,,,,,,,,
Algeria ,4/1/16,1141,Thousand barrels per day,,,,,,,,,,,,,,,,,,,,,,,,,,,,
Algeria ,5/1/16,1133,Thousand barrels per day,,,,,,,,,,,,,,,,,,,,,,,,,,,,
Algeria ,6/1/16,1104,Thousand barrels per day,,,,,,,,,,,,,,,,,,,,,,,,,,,,
Algeria ,7/1/16,1145,Thousand barrels per day,,,,,,,,,,,,,,,,,,,,,,,,,,,,
Algeria ,8/1/16,1161,Thousand barrels per day,,,,,,,,,,,,,,,,,,,,,,,,,,,,
Algeria ,9/1/16,1182,Thousand barrels per day,,,,,,,,,,,,,,,,,,,,,,,,,,,,
Algeria ,10/1/16,1171,Thousand barrels per day,,,,,,,,,,,,,,,,,,,,,,,,,,,,
Algeria ,11/1/16,1184,Thousand barrels per day,,,,,,,,,,,,,,,,,,,,,,,,,,,,
Algeria ,12/1/16,1149,Thousand barrels per day,,,,,,,,,,,,,,,,,,,,,,,,,,,,
Algeria ,1/1/17,1091,Thousand barrels per day,,,,,,,,,,,,,,,,,,,,,,,,,,,,
Algeria ,2/1/17,1084,Thousand barrels per day,,,,,,,,,,,,,,,,,,,,,,,,,,,,
Algeria ,3/1/17,1085,Thousand barrels per day,,,,,,,,,,,,,,,,,,,,,,,,,,,,
Algeria ,4/1/17,1075,Thousand barrels per day,,,,,,,,,,,,,,,,,,,,,,,,,,,,
Algeria ,5/1/17,1069,Thousand barrels per day,,,,,,,,,,,,,,,,,,,,,,,,,,,,
Algeria ,6/1/17,1071,Thousand barrels per day,,,,,,,,,,,,,,,,,,,,,,,,,,,,
Algeria ,7/1/17,1065,Thousand barrels per day,,,,,,,,,,,,,,,,,,,,,,,,,,,,
Algeria ,8/1/17,1067,Thousand barrels per day,,,,,,,,,,,,,,,,,,,,,,,,,,,,
Algeria ,9/1/17,1063,Thousand barrels per day,,,,,,,,,,,,,,,,,,,,,,,,,,,,
Algeria ,10/1/17,997,Thousand barrels per day,,,,,,,,,,,,,,,,,,,,,,,,,,,,
Algeria ,11/1/17,1002,Thousand barrels per day,,,,,,,,,,,,,,,,,,,,,,,,,,,,
Algeria ,12/1/17,1037,Thousand barrels per day,,,,,,,,,,,,,,,,,,,,,,,,,,,,
Algeria ,1/1/18,1013,Thousand barrels per day,,,,,,,,,,,,,,,,,,,,,,,,,,,,
Algeria ,2/1/18,1036,Thousand barrels per day,,,,,,,,,,,,,,,,,,,,,,,,,,,,
Algeria ,3/1/18,966,Thousand barrels per day,,,,,,,,,,,,,,,,,,,,,,,,,,,,
Algeria ,4/1/18,979,Thousand barrels per day,,,,,,,,,,,,,,,,,,,,,,,,,,,,
Algeria ,5/1/18,1040,Thousand barrels per day,,,,,,,,,,,,,,,,,,,,,,,,,,,,
Algeria ,6/1/18,1054,Thousand barrels per day,,,,,,,,,,,,,,,,,,,,,,,,,,,,
Algeria ,7/1/18,1064,Thousand barrels per day,,,,,,,,,,,,,,,,,,,,,,,,,,,,
Algeria ,8/1/18,1062,Thousand barrels per day,,,,,,,,,,,,,,,,,,,,,,,,,,,,
Algeria ,9/1/18,1072,Thousand barrels per day,,,,,,,,,,,,,,,,,,,,,,,,,,,,
Algeria ,10/1/18,1070,Thousand barrels per day,,,,,,,,,,,,,,,,,,,,,,,,,,,,
Algeria ,11/1/18,1068,Thousand barrels per day,,,,,,,,,,,,,,,,,,,,,,,,,,,,
Algeria ,12/1/18,1075,Thousand barrels per day,,,,,,,,,,,,,,,,,,,,,,,,,,,,
Bahrain,1/1/09,33,Thousand barrels per day,,,,,,,,,,,,,,,,,,,,,,,,,,,,
Bahrain,2/1/09,37,Thousand barrels per day,,,,,,,,,,,,,,,,,,,,,,,,,,,,
Bahrain,3/1/09,35,Thousand barrels per day,,,,,,,,,,,,,,,,,,,,,,,,,,,,
Bahrain,4/1/09,34,Thousand barrels per day,,,,,,,,,,,,,,,,,,,,,,,,,,,,
Bahrain,5/1/09,33,Thousand barrels per day,,,,,,,,,,,,,,,,,,,,,,,,,,,,
Bahrain,6/1/09,33,Thousand barrels per day,,,,,,,,,,,,,,,,,,,,,,,,,,,,
Bahrain,7/1/09,32,Thousand barrels per day,,,,,,,,,,,,,,,,,,,,,,,,,,,,
Bahrain,8/1/09,32,Thousand barrels per day,,,,,,,,,,,,,,,,,,,,,,,,,,,,
Bahrain,9/1/09,33,Thousand barrels per day,,,,,,,,,,,,,,,,,,,,,,,,,,,,
Bahrain,10/1/09,31,Thousand barrels per day,,,,,,,,,,,,,,,,,,,,,,,,,,,,
Bahrain,11/1/09,31,Thousand barrels per day,,,,,,,,,,,,,,,,,,,,,,,,,,,,
Bahrain,12/1/09,31,Thousand barrels per day,,,,,,,,,,,,,,,,,,,,,,,,,,,,
Bahrain,1/1/10,30,Thousand barrels per day,,,,,,,,,,,,,,,,,,,,,,,,,,,,
Bahrain,2/1/10,32,Thousand barrels per day,,,,,,,,,,,,,,,,,,,,,,,,,,,,
Bahrain,3/1/10,30,Thousand barrels per day,,,,,,,,,,,,,,,,,,,,,,,,,,,,
Bahrain,4/1/10,30,Thousand barrels per day,,,,,,,,,,,,,,,,,,,,,,,,,,,,
Bahrain,5/1/10,29,Thousand barrels per day,,,,,,,,,,,,,,,,,,,,,,,,,,,,
Bahrain,6/1/10,33,Thousand barrels per day,,,,,,,,,,,,,,,,,,,,,,,,,,,,
Bahrain,7/1/10,33,Thousand barrels per day,,,,,,,,,,,,,,,,,,,,,,,,,,,,
Bahrain,8/1/10,31,Thousand barrels per day,,,,,,,,,,,,,,,,,,,,,,,,,,,,
Bahrain,9/1/10,32,Thousand barrels per day,,,,,,,,,,,,,,,,,,,,,,,,,,,,
Bahrain,10/1/10,34,Thousand barrels per day,,,,,,,,,,,,,,,,,,,,,,,,,,,,
Bahrain,11/1/10,34,Thousand barrels per day,,,,,,,,,,,,,,,,,,,,,,,,,,,,
Bahrain,12/1/10,37,Thousand barrels per day,,,,,,,,,,,,,,,,,,,,,,,,,,,,
Bahrain,1/1/11,40,Thousand barrels per day,,,,,,,,,,,,,,,,,,,,,,,,,,,,
Bahrain,2/1/11,40,Thousand barrels per day,,,,,,,,,,,,,,,,,,,,,,,,,,,,
Bahrain,3/1/11,40,Thousand barrels per day,,,,,,,,,,,,,,,,,,,,,,,,,,,,
Bahrain,4/1/11,39,Thousand barrels per day,,,,,,,,,,,,,,,,,,,,,,,,,,,,
Bahrain,5/1/11,41,Thousand barrels per day,,,,,,,,,,,,,,,,,,,,,,,,,,,,
Bahrain,6/1/11,42,Thousand barrels per day,,,,,,,,,,,,,,,,,,,,,,,,,,,,
Bahrain,7/1/11,46,Thousand barrels per day,,,,,,,,,,,,,,,,,,,,,,,,,,,,
Bahrain,8/1/11,45,Thousand barrels per day,,,,,,,,,,,,,,,,,,,,,,,,,,,,
Bahrain,9/1/11,46,Thousand barrels per day,,,,,,,,,,,,,,,,,,,,,,,,,,,,
Bahrain,10/1/11,47,Thousand barrels per day,,,,,,,,,,,,,,,,,,,,,,,,,,,,
Bahrain,11/1/11,46,Thousand barrels per day,,,,,,,,,,,,,,,,,,,,,,,,,,,,
Bahrain,12/1/11,45,Thousand barrels per day,,,,,,,,,,,,,,,,,,,,,,,,,,,,
Bahrain,1/1/12,45,Thousand barrels per day,,,,,,,,,,,,,,,,,,,,,,,,,,,,
Bahrain,2/1/12,48,Thousand barrels per day,,,,,,,,,,,,,,,,,,,,,,,,,,,,
Bahrain,3/1/12,46,Thousand barrels per day,,,,,,,,,,,,,,,,,,,,,,,,,,,,
Bahrain,4/1/12,46,Thousand barrels per day,,,,,,,,,,,,,,,,,,,,,,,,,,,,
Bahrain,5/1/12,44,Thousand barrels per day,,,,,,,,,,,,,,,,,,,,,,,,,,,,
Bahrain,6/1/12,47,Thousand barrels per day,,,,,,,,,,,,,,,,,,,,,,,,,,,,
Bahrain,7/1/12,44,Thousand barrels per day,,,,,,,,,,,,,,,,,,,,,,,,,,,,
Bahrain,8/1/12,49,Thousand barrels per day,,,,,,,,,,,,,,,,,,,,,,,,,,,,
Bahrain,9/1/12,46,Thousand barrels per day,,,,,,,,,,,,,,,,,,,,,,,,,,,,
Bahrain,10/1/12,45,Thousand barrels per day,,,,,,,,,,,,,,,,,,,,,,,,,,,,
Bahrain,11/1/12,46,Thousand barrels per day,,,,,,,,,,,,,,,,,,,,,,,,,,,,
Bahrain,12/1/12,47,Thousand barrels per day,,,,,,,,,,,,,,,,,,,,,,,,,,,,
Bahrain,1/1/13,44,Thousand barrels per day,,,,,,,,,,,,,,,,,,,,,,,,,,,,
Bahrain,2/1/13,43,Thousand barrels per day,,,,,,,,,,,,,,,,,,,,,,,,,,,,
Bahrain,3/1/13,51,Thousand barrels per day,,,,,,,,,,,,,,,,,,,,,,,,,,,,
Bahrain,4/1/13,46,Thousand barrels per day,,,,,,,,,,,,,,,,,,,,,,,,,,,,
Bahrain,5/1/13,48,Thousand barrels per day,,,,,,,,,,,,,,,,,,,,,,,,,,,,
Bahrain,6/1/13,49,Thousand barrels per day,,,,,,,,,,,,,,,,,,,,,,,,,,,,
Bahrain,7/1/13,48,Thousand barrels per day,,,,,,,,,,,,,,,,,,,,,,,,,,,,
Bahrain,8/1/13,50,Thousand barrels per day,,,,,,,,,,,,,,,,,,,,,,,,,,,,
Bahrain,9/1/13,52,Thousand barrels per day,,,,,,,,,,,,,,,,,,,,,,,,,,,,
Bahrain,10/1/13,51,Thousand barrels per day,,,,,,,,,,,,,,,,,,,,,,,,,,,,
Bahrain,11/1/13,50,Thousand barrels per day,,,,,,,,,,,,,,,,,,,,,,,,,,,,
Bahrain,12/1/13,47,Thousand barrels per day,,,,,,,,,,,,,,,,,,,,,,,,,,,,
Bahrain,1/1/14,49,Thousand barrels per day,,,,,,,,,,,,,,,,,,,,,,,,,,,,
Bahrain,2/1/14,49,Thousand barrels per day,,,,,,,,,,,,,,,,,,,,,,,,,,,,
Bahrain,3/1/14,51,Thousand barrels per day,,,,,,,,,,,,,,,,,,,,,,,,,,,,
Bahrain,4/1/14,49,Thousand barrels per day,,,,,,,,,,,,,,,,,,,,,,,,,,,,
Bahrain,5/1/14,49,Thousand barrels per day,,,,,,,,,,,,,,,,,,,,,,,,,,,,
Bahrain,6/1/14,49,Thousand barrels per day,,,,,,,,,,,,,,,,,,,,,,,,,,,,
Bahrain,7/1/14,50,Thousand barrels per day,,,,,,,,,,,,,,,,,,,,,,,,,,,,
Bahrain,8/1/14,51,Thousand barrels per day,,,,,,,,,,,,,,,,,,,,,,,,,,,,
Bahrain,9/1/14,50,Thousand barrels per day,,,,,,,,,,,,,,,,,,,,,,,,,,,,
Bahrain,10/1/14,49,Thousand barrels per day,,,,,,,,,,,,,,,,,,,,,,,,,,,,
Bahrain,11/1/14,50,Thousand barrels per day,,,,,,,,,,,,,,,,,,,,,,,,,,,,
Bahrain,12/1/14,48,Thousand barrels per day,,,,,,,,,,,,,,,,,,,,,,,,,,,,
Bahrain,1/1/15,49,Thousand barrels per day,,,,,,,,,,,,,,,,,,,,,,,,,,,,
Bahrain,2/1/15,48,Thousand barrels per day,,,,,,,,,,,,,,,,,,,,,,,,,,,,
Bahrain,3/1/15,49,Thousand barrels per day,,,,,,,,,,,,,,,,,,,,,,,,,,,,
Bahrain,4/1/15,49,Thousand barrels per day,,,,,,,,,,,,,,,,,,,,,,,,,,,,
Bahrain,5/1/15,52,Thousand barrels per day,,,,,,,,,,,,,,,,,,,,,,,,,,,,
Bahrain,6/1/15,56,Thousand barrels per day,,,,,,,,,,,,,,,,,,,,,,,,,,,,
Bahrain,7/1/15,52,Thousand barrels per day,,,,,,,,,,,,,,,,,,,,,,,,,,,,
Bahrain,8/1/15,50,Thousand barrels per day,,,,,,,,,,,,,,,,,,,,,,,,,,,,
Bahrain,9/1/15,51,Thousand barrels per day,,,,,,,,,,,,,,,,,,,,,,,,,,,,
Bahrain,10/1/15,53,Thousand barrels per day,,,,,,,,,,,,,,,,,,,,,,,,,,,,
Bahrain,11/1/15,52,Thousand barrels per day,,,,,,,,,,,,,,,,,,,,,,,,,,,,
Bahrain,12/1/15,54,Thousand barrels per day,,,,,,,,,,,,,,,,,,,,,,,,,,,,
Bahrain,1/1/16,51,Thousand barrels per day,,,,,,,,,,,,,,,,,,,,,,,,,,,,
Bahrain,2/1/16,49,Thousand barrels per day,,,,,,,,,,,,,,,,,,,,,,,,,,,,
Bahrain,3/1/16,51,Thousand barrels per day,,,,,,,,,,,,,,,,,,,,,,,,,,,,
Bahrain,4/1/16,50,Thousand barrels per day,,,,,,,,,,,,,,,,,,,,,,,,,,,,
Bahrain,5/1/16,48,Thousand barrels per day,,,,,,,,,,,,,,,,,,,,,,,,,,,,
Bahrain,6/1/16,50,Thousand barrels per day,,,,,,,,,,,,,,,,,,,,,,,,,,,,
Bahrain,7/1/16,49,Thousand barrels per day,,,,,,,,,,,,,,,,,,,,,,,,,,,,
Bahrain,8/1/16,49,Thousand barrels per day,,,,,,,,,,,,,,,,,,,,,,,,,,,,
Bahrain,9/1/16,48,Thousand barrels per day,,,,,,,,,,,,,,,,,,,,,,,,,,,,
Bahrain,10/1/16,213,Thousand barrels per day,,,,,,,,,,,,,,,,,,,,,,,,,,,,
Bahrain,11/1/16,184,Thousand barrels per day,,,,,,,,,,,,,,,,,,,,,,,,,,,,
Bahrain,12/1/16,143,Thousand barrels per day,,,,,,,,,,,,,,,,,,,,,,,,,,,,
Bahrain,1/1/17,207,Thousand barrels per day,,,,,,,,,,,,,,,,,,,,,,,,,,,,
Bahrain,2/1/17,204,Thousand barrels per day,,,,,,,,,,,,,,,,,,,,,,,,,,,,
Bahrain,3/1/17,206,Thousand barrels per day,,,,,,,,,,,,,,,,,,,,,,,,,,,,
Bahrain,4/1/17,208,Thousand barrels per day,,,,,,,,,,,,,,,,,,,,,,,,,,,,
Bahrain,5/1/17,208,Thousand barrels per day,,,,,,,,,,,,,,,,,,,,,,,,,,,,
Bahrain,6/1/17,207,Thousand barrels per day,,,,,,,,,,,,,,,,,,,,,,,,,,,,
Bahrain,7/1/17,209,Thousand barrels per day,,,,,,,,,,,,,,,,,,,,,,,,,,,,
Bahrain,8/1/17,208,Thousand barrels per day,,,,,,,,,,,,,,,,,,,,,,,,,,,,
Bahrain,9/1/17,211,Thousand barrels per day,,,,,,,,,,,,,,,,,,,,,,,,,,,,
Bahrain,10/1/17,208,Thousand barrels per day,,,,,,,,,,,,,,,,,,,,,,,,,,,,
Bahrain,11/1/17,209,Thousand barrels per day,,,,,,,,,,,,,,,,,,,,,,,,,,,,
Bahrain,12/1/17,120,Thousand barrels per day,,,,,,,,,,,,,,,,,,,,,,,,,,,,
Bahrain,1/1/18,143,Thousand barrels per day,,,,,,,,,,,,,,,,,,,,,,,,,,,,
Bahrain,2/1/18,162,Thousand barrels per day,,,,,,,,,,,,,,,,,,,,,,,,,,,,
Bahrain,3/1/18,209,Thousand barrels per day,,,,,,,,,,,,,,,,,,,,,,,,,,,,
Bahrain,4/1/18,210,Thousand barrels per day,,,,,,,,,,,,,,,,,,,,,,,,,,,,
Bahrain,5/1/18,210,Thousand barrels per day,,,,,,,,,,,,,,,,,,,,,,,,,,,,
Bahrain,6/1/18,207,Thousand barrels per day,,,,,,,,,,,,,,,,,,,,,,,,,,,,
Bahrain,7/1/18,209,Thousand barrels per day,,,,,,,,,,,,,,,,,,,,,,,,,,,,
Bahrain,8/1/18,206,Thousand barrels per day,,,,,,,,,,,,,,,,,,,,,,,,,,,,
Bahrain,9/1/18,204,Thousand barrels per day,,,,,,,,,,,,,,,,,,,,,,,,,,,,
Bahrain,10/1/18,206,Thousand barrels per day,,,,,,,,,,,,,,,,,,,,,,,,,,,,
Bahrain,11/1/18,202,Thousand barrels per day,,,,,,,,,,,,,,,,,,,,,,,,,,,,
Bahrain,12/1/18,195,Thousand barrels per day,,,,,,,,,,,,,,,,,,,,,,,,,,,,
Egypt,1/1/09,667,Thousand barrels per day,,,,,,,,,,,,,,,,,,,,,,,,,,,,
Egypt,2/1/09,683,Thousand barrels per day,,,,,,,,,,,,,,,,,,,,,,,,,,,,
Egypt,3/1/09,679,Thousand barrels per day,,,,,,,,,,,,,,,,,,,,,,,,,,,,
Egypt,4/1/09,686,Thousand barrels per day,,,,,,,,,,,,,,,,,,,,,,,,,,,,
Egypt,5/1/09,672,Thousand barrels per day,,,,,,,,,,,,,,,,,,,,,,,,,,,,
Egypt,6/1/09,657,Thousand barrels per day,,,,,,,,,,,,,,,,,,,,,,,,,,,,
Egypt,7/1/09,566,Thousand barrels per day,,,,,,,,,,,,,,,,,,,,,,,,,,,,
Egypt,8/1/09,670,Thousand barrels per day,,,,,,,,,,,,,,,,,,,,,,,,,,,,
Egypt,9/1/09,672,Thousand barrels per day,,,,,,,,,,,,,,,,,,,,,,,,,,,,
Egypt,10/1/09,663,Thousand barrels per day,,,,,,,,,,,,,,,,,,,,,,,,,,,,
Egypt,11/1/09,652,Thousand barrels per day,,,,,,,,,,,,,,,,,,,,,,,,,,,,
Egypt,12/1/09,648,Thousand barrels per day,,,,,,,,,,,,,,,,,,,,,,,,,,,,
Egypt,1/1/10,657,Thousand barrels per day,,,,,,,,,,,,,,,,,,,,,,,,,,,,
Egypt,2/1/10,654,Thousand barrels per day,,,,,,,,,,,,,,,,,,,,,,,,,,,,
Egypt,3/1/10,644,Thousand barrels per day,,,,,,,,,,,,,,,,,,,,,,,,,,,,
Egypt,4/1/10,650,Thousand barrels per day,,,,,,,,,,,,,,,,,,,,,,,,,,,,
Egypt,5/1/10,676,Thousand barrels per day,,,,,,,,,,,,,,,,,,,,,,,,,,,,
Egypt,6/1/10,685,Thousand barrels per day,,,,,,,,,,,,,,,,,,,,,,,,,,,,
Egypt,7/1/10,676,Thousand barrels per day,,,,,,,,,,,,,,,,,,,,,,,,,,,,
Egypt,8/1/10,683,Thousand barrels per day,,,,,,,,,,,,,,,,,,,,,,,,,,,,
Egypt,9/1/10,697,Thousand barrels per day,,,,,,,,,,,,,,,,,,,,,,,,,,,,
Egypt,10/1/10,685,Thousand barrels per day,,,,,,,,,,,,,,,,,,,,,,,,,,,,
Egypt,11/1/10,673,Thousand barrels per day,,,,,,,,,,,,,,,,,,,,,,,,,,,,
Egypt,12/1/10,676,Thousand barrels per day,,,,,,,,,,,,,,,,,,,,,,,,,,,,
Egypt,1/1/11,676,Thousand barrels per day,,,,,,,,,,,,,,,,,,,,,,,,,,,,
Egypt,2/1/11,663,Thousand barrels per day,,,,,,,,,,,,,,,,,,,,,,,,,,,,
Egypt,3/1/11,670,Thousand barrels per day,,,,,,,,,,,,,,,,,,,,,,,,,,,,
Egypt,4/1/11,658,Thousand barrels per day,,,,,,,,,,,,,,,,,,,,,,,,,,,,
Egypt,5/1/11,667,Thousand barrels per day,,,,,,,,,,,,,,,,,,,,,,,,,,,,
Egypt,6/1/11,661,Thousand barrels per day,,,,,,,,,,,,,,,,,,,,,,,,,,,,
Egypt,7/1/11,666,Thousand barrels per day,,,,,,,,,,,,,,,,,,,,,,,,,,,,
Egypt,8/1/11,676,Thousand barrels per day,,,,,,,,,,,,,,,,,,,,,,,,,,,,
Egypt,9/1/11,679,Thousand barrels per day,,,,,,,,,,,,,,,,,,,,,,,,,,,,
Egypt,10/1/11,663,Thousand barrels per day,,,,,,,,,,,,,,,,,,,,,,,,,,,,
Egypt,11/1/11,669,Thousand barrels per day,,,,,,,,,,,,,,,,,,,,,,,,,,,,
Egypt,12/1/11,664,Thousand barrels per day,,,,,,,,,,,,,,,,,,,,,,,,,,,,
Egypt,1/1/12,677,Thousand barrels per day,,,,,,,,,,,,,,,,,,,,,,,,,,,,
Egypt,2/1/12,675,Thousand barrels per day,,,,,,,,,,,,,,,,,,,,,,,,,,,,
Egypt,3/1/12,676,Thousand barrels per day,,,,,,,,,,,,,,,,,,,,,,,,,,,,
Egypt,4/1/12,673,Thousand barrels per day,,,,,,,,,,,,,,,,,,,,,,,,,,,,
Egypt,5/1/12,670,Thousand barrels per day,,,,,,,,,,,,,,,,,,,,,,,,,,,,
Egypt,6/1/12,666,Thousand barrels per day,,,,,,,,,,,,,,,,,,,,,,,,,,,,
Egypt,7/1/12,668,Thousand barrels per day,,,,,,,,,,,,,,,,,,,,,,,,,,,,
Egypt,8/1/12,663,Thousand barrels per day,,,,,,,,,,,,,,,,,,,,,,,,,,,,
Egypt,9/1/12,672,Thousand barrels per day,,,,,,,,,,,,,,,,,,,,,,,,,,,,
Egypt,10/1/12,668,Thousand barrels per day,,,,,,,,,,,,,,,,,,,,,,,,,,,,
Egypt,11/1/12,681,Thousand barrels per day,,,,,,,,,,,,,,,,,,,,,,,,,,,,
Egypt,12/1/12,667,Thousand barrels per day,,,,,,,,,,,,,,,,,,,,,,,,,,,,
Egypt,1/1/13,658,Thousand barrels per day,,,,,,,,,,,,,,,,,,,,,,,,,,,,
Egypt,2/1/13,652,Thousand barrels per day,,,,,,,,,,,,,,,,,,,,,,,,,,,,
Egypt,3/1/13,656,Thousand barrels per day,,,,,,,,,,,,,,,,,,,,,,,,,,,,
Egypt,4/1/13,669,Thousand barrels per day,,,,,,,,,,,,,,,,,,,,,,,,,,,,
Egypt,5/1/13,673,Thousand barrels per day,,,,,,,,,,,,,,,,,,,,,,,,,,,,
Egypt,6/1/13,677,Thousand barrels per day,,,,,,,,,,,,,,,,,,,,,,,,,,,,
Egypt,7/1/13,673,Thousand barrels per day,,,,,,,,,,,,,,,,,,,,,,,,,,,,
Egypt,8/1/13,673,Thousand barrels per day,,,,,,,,,,,,,,,,,,,,,,,,,,,,
Egypt,9/1/13,681,Thousand barrels per day,,,,,,,,,,,,,,,,,,,,,,,,,,,,
Egypt,10/1/13,684,Thousand barrels per day,,,,,,,,,,,,,,,,,,,,,,,,,,,,
Egypt,11/1/13,666,Thousand barrels per day,,,,,,,,,,,,,,,,,,,,,,,,,,,,
Egypt,12/1/13,672,Thousand barrels per day,,,,,,,,,,,,,,,,,,,,,,,,,,,,
Egypt,1/1/14,670,Thousand barrels per day,,,,,,,,,,,,,,,,,,,,,,,,,,,,
Egypt,2/1/14,664,Thousand barrels per day,,,,,,,,,,,,,,,,,,,,,,,,,,,,
Egypt,3/1/14,667,Thousand barrels per day,,,,,,,,,,,,,,,,,,,,,,,,,,,,
Egypt,4/1/14,658,Thousand barrels per day,,,,,,,,,,,,,,,,,,,,,,,,,,,,
Egypt,5/1/14,668,Thousand barrels per day,,,,,,,,,,,,,,,,,,,,,,,,,,,,
Egypt,6/1/14,666,Thousand barrels per day,,,,,,,,,,,,,,,,,,,,,,,,,,,,
Egypt,7/1/14,669,Thousand barrels per day,,,,,,,,,,,,,,,,,,,,,,,,,,,,
Egypt,8/1/14,661,Thousand barrels per day,,,,,,,,,,,,,,,,,,,,,,,,,,,,
Egypt,9/1/14,675,Thousand barrels per day,,,,,,,,,,,,,,,,,,,,,,,,,,,,
Egypt,10/1/14,678,Thousand barrels per day,,,,,,,,,,,,,,,,,,,,,,,,,,,,
Egypt,11/1/14,699,Thousand barrels per day,,,,,,,,,,,,,,,,,,,,,,,,,,,,
Egypt,12/1/14,687,Thousand barrels per day,,,,,,,,,,,,,,,,,,,,,,,,,,,,
Egypt,1/1/15,670,Thousand barrels per day,,,,,,,,,,,,,,,,,,,,,,,,,,,,
Egypt,2/1/15,679,Thousand barrels per day,,,,,,,,,,,,,,,,,,,,,,,,,,,,
Egypt,3/1/15,693,Thousand barrels per day,,,,,,,,,,,,,,,,,,,,,,,,,,,,
Egypt,4/1/15,685,Thousand barrels per day,,,,,,,,,,,,,,,,,,,,,,,,,,,,
Egypt,5/1/15,676,Thousand barrels per day,,,,,,,,,,,,,,,,,,,,,,,,,,,,
Egypt,6/1/15,688,Thousand barrels per day,,,,,,,,,,,,,,,,,,,,,,,,,,,,
Egypt,7/1/15,692,Thousand barrels per day,,,,,,,,,,,,,,,,,,,,,,,,,,,,
Egypt,8/1/15,696,Thousand barrels per day,,,,,,,,,,,,,,,,,,,,,,,,,,,,
Egypt,9/1/15,684,Thousand barrels per day,,,,,,,,,,,,,,,,,,,,,,,,,,,,
Egypt,10/1/15,681,Thousand barrels per day,,,,,,,,,,,,,,,,,,,,,,,,,,,,
Egypt,11/1/15,674,Thousand barrels per day,,,,,,,,,,,,,,,,,,,,,,,,,,,,
Egypt,12/1/15,670,Thousand barrels per day,,,,,,,,,,,,,,,,,,,,,,,,,,,,
Egypt,1/1/16,667,Thousand barrels per day,,,,,,,,,,,,,,,,,,,,,,,,,,,,
Egypt,2/1/16,660,Thousand barrels per day,,,,,,,,,,,,,,,,,,,,,,,,,,,,
Egypt,3/1/16,659,Thousand barrels per day,,,,,,,,,,,,,,,,,,,,,,,,,,,,
Egypt,4/1/16,664,Thousand barrels per day,,,,,,,,,,,,,,,,,,,,,,,,,,,,
Egypt,5/1/16,662,Thousand barrels per day,,,,,,,,,,,,,,,,,,,,,,,,,,,,
Egypt,6/1/16,662,Thousand barrels per day,,,,,,,,,,,,,,,,,,,,,,,,,,,,
Egypt,7/1/16,654,Thousand barrels per day,,,,,,,,,,,,,,,,,,,,,,,,,,,,
Egypt,8/1/16,649,Thousand barrels per day,,,,,,,,,,,,,,,,,,,,,,,,,,,,
Egypt,9/1/16,643,Thousand barrels per day,,,,,,,,,,,,,,,,,,,,,,,,,,,,
Egypt,10/1/16,641,Thousand barrels per day,,,,,,,,,,,,,,,,,,,,,,,,,,,,
Egypt,11/1/16,632,Thousand barrels per day,,,,,,,,,,,,,,,,,,,,,,,,,,,,
Egypt,12/1/16,624,Thousand barrels per day,,,,,,,,,,,,,,,,,,,,,,,,,,,,
Egypt,1/1/17,626,Thousand barrels per day,,,,,,,,,,,,,,,,,,,,,,,,,,,,
Egypt,2/1/17,620,Thousand barrels per day,,,,,,,,,,,,,,,,,,,,,,,,,,,,
Egypt,3/1/17,611,Thousand barrels per day,,,,,,,,,,,,,,,,,,,,,,,,,,,,
Egypt,4/1/17,617,Thousand barrels per day,,,,,,,,,,,,,,,,,,,,,,,,,,,,
Egypt,5/1/17,624,Thousand barrels per day,,,,,,,,,,,,,,,,,,,,,,,,,,,,
Egypt,6/1/17,628,Thousand barrels per day,,,,,,,,,,,,,,,,,,,,,,,,,,,,
Egypt,7/1/17,626,Thousand barrels per day,,,,,,,,,,,,,,,,,,,,,,,,,,,,
Egypt,8/1/17,631,Thousand barrels per day,,,,,,,,,,,,,,,,,,,,,,,,,,,,
Egypt,9/1/17,640,Thousand barrels per day,,,,,,,,,,,,,,,,,,,,,,,,,,,,
Egypt,10/1/17,634,Thousand barrels per day,,,,,,,,,,,,,,,,,,,,,,,,,,,,
Egypt,11/1/17,632,Thousand barrels per day,,,,,,,,,,,,,,,,,,,,,,,,,,,,
Egypt,12/1/17,633,Thousand barrels per day,,,,,,,,,,,,,,,,,,,,,,,,,,,,
Egypt,1/1/18,632,Thousand barrels per day,,,,,,,,,,,,,,,,,,,,,,,,,,,,
Egypt,2/1/18,636,Thousand barrels per day,,,,,,,,,,,,,,,,,,,,,,,,,,,,
Egypt,3/1/18,638,Thousand barrels per day,,,,,,,,,,,,,,,,,,,,,,,,,,,,
Egypt,4/1/18,642,Thousand barrels per day,,,,,,,,,,,,,,,,,,,,,,,,,,,,
Egypt,5/1/18,645,Thousand barrels per day,,,,,,,,,,,,,,,,,,,,,,,,,,,,
Egypt,6/1/18,636,Thousand barrels per day,,,,,,,,,,,,,,,,,,,,,,,,,,,,
Egypt,7/1/18,634,Thousand barrels per day,,,,,,,,,,,,,,,,,,,,,,,,,,,,
Egypt,8/1/18,643,Thousand barrels per day,,,,,,,,,,,,,,,,,,,,,,,,,,,,
Egypt,9/1/18,641,Thousand barrels per day,,,,,,,,,,,,,,,,,,,,,,,,,,,,
Egypt,10/1/18,636,Thousand barrels per day,,,,,,,,,,,,,,,,,,,,,,,,,,,,
Egypt,11/1/18,639,Thousand barrels per day,,,,,,,,,,,,,,,,,,,,,,,,,,,,
Egypt,12/1/18,644,Thousand barrels per day,,,,,,,,,,,,,,,,,,,,,,,,,,,,
Iran,1/1/09,3586,Thousand barrels per day,,,,,,,,,,,,,,,,,,,,,,,,,,,,
Iran,2/1/09,3581,Thousand barrels per day,,,,,,,,,,,,,,,,,,,,,,,,,,,,
Iran,3/1/09,3579,Thousand barrels per day,,,,,,,,,,,,,,,,,,,,,,,,,,,,
Iran,4/1/09,3571,Thousand barrels per day,,,,,,,,,,,,,,,,,,,,,,,,,,,,
Iran,5/1/09,3580,Thousand barrels per day,,,,,,,,,,,,,,,,,,,,,,,,,,,,
Iran,6/1/09,3550,Thousand barrels per day,,,,,,,,,,,,,,,,,,,,,,,,,,,,
Iran,7/1/09,3530,Thousand barrels per day,,,,,,,,,,,,,,,,,,,,,,,,,,,,
Iran,8/1/09,3520,Thousand barrels per day,,,,,,,,,,,,,,,,,,,,,,,,,,,,
Iran,9/1/09,3535,Thousand barrels per day,,,,,,,,,,,,,,,,,,,,,,,,,,,,
Iran,10/1/09,3543,Thousand barrels per day,,,,,,,,,,,,,,,,,,,,,,,,,,,,
Iran,11/1/09,3550,Thousand barrels per day,,,,,,,,,,,,,,,,,,,,,,,,,,,,
Iran,12/1/09,3560,Thousand barrels per day,,,,,,,,,,,,,,,,,,,,,,,,,,,,
Iran,1/1/10,3580,Thousand barrels per day,,,,,,,,,,,,,,,,,,,,,,,,,,,,
Iran,2/1/10,3590,Thousand barrels per day,,,,,,,,,,,,,,,,,,,,,,,,,,,,
Iran,3/1/10,3570,Thousand barrels per day,,,,,,,,,,,,,,,,,,,,,,,,,,,,
Iran,4/1/10,3510,Thousand barrels per day,,,,,,,,,,,,,,,,,,,,,,,,,,,,
Iran,5/1/10,3520,Thousand barrels per day,,,,,,,,,,,,,,,,,,,,,,,,,,,,
Iran,6/1/10,3515,Thousand barrels per day,,,,,,,,,,,,,,,,,,,,,,,,,,,,
Iran,7/1/10,3535,Thousand barrels per day,,,,,,,,,,,,,,,,,,,,,,,,,,,,
Iran,8/1/10,3545,Thousand barrels per day,,,,,,,,,,,,,,,,,,,,,,,,,,,,
Iran,9/1/10,3530,Thousand barrels per day,,,,,,,,,,,,,,,,,,,,,,,,,,,,
Iran,10/1/10,3550,Thousand barrels per day,,,,,,,,,,,,,,,,,,,,,,,,,,,,
Iran,11/1/10,3535,Thousand barrels per day,,,,,,,,,,,,,,,,,,,,,,,,,,,,
Iran,12/1/10,3545,Thousand barrels per day,,,,,,,,,,,,,,,,,,,,,,,,,,,,
Iran,1/1/11,3535,Thousand barrels per day,,,,,,,,,,,,,,,,,,,,,,,,,,,,
Iran,2/1/11,3545,Thousand barrels per day,,,,,,,,,,,,,,,,,,,,,,,,,,,,
Iran,3/1/11,3560,Thousand barrels per day,,,,,,,,,,,,,,,,,,,,,,,,,,,,
Iran,4/1/11,3580,Thousand barrels per day,,,,,,,,,,,,,,,,,,,,,,,,,,,,
Iran,5/1/11,3575,Thousand barrels per day,,,,,,,,,,,,,,,,,,,,,,,,,,,,
Iran,6/1/11,3570,Thousand barrels per day,,,,,,,,,,,,,,,,,,,,,,,,,,,,
Iran,7/1/11,3650,Thousand barrels per day,,,,,,,,,,,,,,,,,,,,,,,,,,,,
Iran,8/1/11,3650,Thousand barrels per day,,,,,,,,,,,,,,,,,,,,,,,,,,,,
Iran,9/1/11,3650,Thousand barrels per day,,,,,,,,,,,,,,,,,,,,,,,,,,,,
Iran,10/1/11,3600,Thousand barrels per day,,,,,,,,,,,,,,,,,,,,,,,,,,,,
Iran,11/1/11,3600,Thousand barrels per day,,,,,,,,,,,,,,,,,,,,,,,,,,,,
Iran,12/1/11,3550,Thousand barrels per day,,,,,,,,,,,,,,,,,,,,,,,,,,,,
Iran,1/1/12,3450,Thousand barrels per day,,,,,,,,,,,,,,,,,,,,,,,,,,,,
Iran,2/1/12,3400,Thousand barrels per day,,,,,,,,,,,,,,,,,,,,,,,,,,,,
Iran,3/1/12,3350,Thousand barrels per day,,,,,,,,,,,,,,,,,,,,,,,,,,,,
Iran,4/1/12,3200,Thousand barrels per day,,,,,,,,,,,,,,,,,,,,,,,,,,,,
Iran,5/1/12,3125,Thousand barrels per day,,,,,,,,,,,,,,,,,,,,,,,,,,,,
Iran,6/1/12,2950,Thousand barrels per day,,,,,,,,,,,,,,,,,,,,,,,,,,,,
Iran,7/1/12,2800,Thousand barrels per day,,,,,,,,,,,,,,,,,,,,,,,,,,,,
Iran,8/1/12,2750,Thousand barrels per day,,,,,,,,,,,,,,,,,,,,,,,,,,,,
Iran,9/1/12,2700,Thousand barrels per day,,,,,,,,,,,,,,,,,,,,,,,,,,,,
Iran,10/1/12,2700,Thousand barrels per day,,,,,,,,,,,,,,,,,,,,,,,,,,,,
Iran,11/1/12,2680,Thousand barrels per day,,,,,,,,,,,,,,,,,,,,,,,,,,,,
Iran,12/1/12,2680,Thousand barrels per day,,,,,,,,,,,,,,,,,,,,,,,,,,,,
Iran,1/1/13,2680,Thousand barrels per day,,,,,,,,,,,,,,,,,,,,,,,,,,,,
Iran,2/1/13,2680,Thousand barrels per day,,,,,,,,,,,,,,,,,,,,,,,,,,,,
Iran,3/1/13,2680,Thousand barrels per day,,,,,,,,,,,,,,,,,,,,,,,,,,,,
Iran,4/1/13,2680,Thousand barrels per day,,,,,,,,,,,,,,,,,,,,,,,,,,,,
Iran,5/1/13,2680,Thousand barrels per day,,,,,,,,,,,,,,,,,,,,,,,,,,,,
Iran,6/1/13,2680,Thousand barrels per day,,,,,,,,,,,,,,,,,,,,,,,,,,,,
Iran,7/1/13,2680,Thousand barrels per day,,,,,,,,,,,,,,,,,,,,,,,,,,,,
Iran,8/1/13,2680,Thousand barrels per day,,,,,,,,,,,,,,,,,,,,,,,,,,,,
Iran,9/1/13,2680,Thousand barrels per day,,,,,,,,,,,,,,,,,,,,,,,,,,,,
Iran,10/1/13,2680,Thousand barrels per day,,,,,,,,,,,,,,,,,,,,,,,,,,,,
Iran,11/1/13,2680,Thousand barrels per day,,,,,,,,,,,,,,,,,,,,,,,,,,,,
Iran,12/1/13,2700,Thousand barrels per day,,,,,,,,,,,,,,,,,,,,,,,,,,,,
Iran,1/1/14,2800,Thousand barrels per day,,,,,,,,,,,,,,,,,,,,,,,,,,,,
Iran,2/1/14,2800,Thousand barrels per day,,,,,,,,,,,,,,,,,,,,,,,,,,,,
Iran,3/1/14,2800,Thousand barrels per day,,,,,,,,,,,,,,,,,,,,,,,,,,,,
Iran,4/1/14,2800,Thousand barrels per day,,,,,,,,,,,,,,,,,,,,,,,,,,,,
Iran,5/1/14,2800,Thousand barrels per day,,,,,,,,,,,,,,,,,,,,,,,,,,,,
Iran,6/1/14,2800,Thousand barrels per day,,,,,,,,,,,,,,,,,,,,,,,,,,,,
Iran,7/1/14,2800,Thousand barrels per day,,,,,,,,,,,,,,,,,,,,,,,,,,,,
Iran,8/1/14,2800,Thousand barrels per day,,,,,,,,,,,,,,,,,,,,,,,,,,,,
Iran,9/1/14,2800,Thousand barrels per day,,,,,,,,,,,,,,,,,,,,,,,,,,,,
Iran,10/1/14,2800,Thousand barrels per day,,,,,,,,,,,,,,,,,,,,,,,,,,,,
Iran,11/1/14,2800,Thousand barrels per day,,,,,,,,,,,,,,,,,,,,,,,,,,,,
Iran,12/1/14,2800,Thousand barrels per day,,,,,,,,,,,,,,,,,,,,,,,,,,,,
Iran,1/1/15,2800,Thousand barrels per day,,,,,,,,,,,,,,,,,,,,,,,,,,,,
Iran,2/1/15,2800,Thousand barrels per day,,,,,,,,,,,,,,,,,,,,,,,,,,,,
Iran,3/1/15,2800,Thousand barrels per day,,,,,,,,,,,,,,,,,,,,,,,,,,,,
Iran,4/1/15,2800,Thousand barrels per day,,,,,,,,,,,,,,,,,,,,,,,,,,,,
Iran,5/1/15,2800,Thousand barrels per day,,,,,,,,,,,,,,,,,,,,,,,,,,,,
Iran,6/1/15,2800,Thousand barrels per day,,,,,,,,,,,,,,,,,,,,,,,,,,,,
Iran,7/1/15,2800,Thousand barrels per day,,,,,,,,,,,,,,,,,,,,,,,,,,,,
Iran,8/1/15,2800,Thousand barrels per day,,,,,,,,,,,,,,,,,,,,,,,,,,,,
Iran,9/1/15,2800,Thousand barrels per day,,,,,,,,,,,,,,,,,,,,,,,,,,,,
Iran,10/1/15,2800,Thousand barrels per day,,,,,,,,,,,,,,,,,,,,,,,,,,,,
Iran,11/1/15,2800,Thousand barrels per day,,,,,,,,,,,,,,,,,,,,,,,,,,,,
Iran,12/1/15,2800,Thousand barrels per day,,,,,,,,,,,,,,,,,,,,,,,,,,,,
Iran,1/1/16,3050,Thousand barrels per day,,,,,,,,,,,,,,,,,,,,,,,,,,,,
Iran,2/1/16,3200,Thousand barrels per day,,,,,,,,,,,,,,,,,,,,,,,,,,,,
Iran,3/1/16,3500,Thousand barrels per day,,,,,,,,,,,,,,,,,,,,,,,,,,,,
Iran,4/1/16,3590,Thousand barrels per day,,,,,,,,,,,,,,,,,,,,,,,,,,,,
Iran,5/1/16,3620,Thousand barrels per day,,,,,,,,,,,,,,,,,,,,,,,,,,,,
Iran,6/1/16,3630,Thousand barrels per day,,,,,,,,,,,,,,,,,,,,,,,,,,,,
Iran,7/1/16,3650,Thousand barrels per day,,,,,,,,,,,,,,,,,,,,,,,,,,,,
Iran,8/1/16,3670,Thousand barrels per day,,,,,,,,,,,,,,,,,,,,,,,,,,,,
Iran,9/1/16,3690,Thousand barrels per day,,,,,,,,,,,,,,,,,,,,,,,,,,,,
Iran,10/1/16,3700,Thousand barrels per day,,,,,,,,,,,,,,,,,,,,,,,,,,,,
Iran,11/1/16,3990,Thousand barrels per day,,,,,,,,,,,,,,,,,,,,,,,,,,,,
Iran,12/1/16,4010,Thousand barrels per day,,,,,,,,,,,,,,,,,,,,,,,,,,,,
Iran,1/1/17,3920,Thousand barrels per day,,,,,,,,,,,,,,,,,,,,,,,,,,,,
Iran,2/1/17,3870,Thousand barrels per day,,,,,,,,,,,,,,,,,,,,,,,,,,,,
Iran,3/1/17,3891,Thousand barrels per day,,,,,,,,,,,,,,,,,,,,,,,,,,,,
Iran,4/1/17,3862,Thousand barrels per day,,,,,,,,,,,,,,,,,,,,,,,,,,,,
Iran,5/1/17,3893,Thousand barrels per day,,,,,,,,,,,,,,,,,,,,,,,,,,,,
Iran,6/1/17,3880,Thousand barrels per day,,,,,,,,,,,,,,,,,,,,,,,,,,,,
Iran,7/1/17,3900,Thousand barrels per day,,,,,,,,,,,,,,,,,,,,,,,,,,,,
Iran,8/1/17,3830,Thousand barrels per day,,,,,,,,,,,,,,,,,,,,,,,,,,,,
Iran,9/1/17,3840,Thousand barrels per day,,,,,,,,,,,,,,,,,,,,,,,,,,,,
Iran,10/1/17,3850,Thousand barrels per day,,,,,,,,,,,,,,,,,,,,,,,,,,,,
Iran,11/1/17,3878,Thousand barrels per day,,,,,,,,,,,,,,,,,,,,,,,,,,,,
Iran,12/1/17,3811,Thousand barrels per day,,,,,,,,,,,,,,,,,,,,,,,,,,,,
Iran,1/1/18,3817,Thousand barrels per day,,,,,,,,,,,,,,,,,,,,,,,,,,,,
Iran,2/1/18,3810,Thousand barrels per day,,,,,,,,,,,,,,,,,,,,,,,,,,,,
Iran,3/1/18,3806,Thousand barrels per day,,,,,,,,,,,,,,,,,,,,,,,,,,,,
Iran,4/1/18,3804,Thousand barrels per day,,,,,,,,,,,,,,,,,,,,,,,,,,,,
Iran,5/1/18,3806,Thousand barrels per day,,,,,,,,,,,,,,,,,,,,,,,,,,,,
Iran,6/1/18,3802,Thousand barrels per day,,,,,,,,,,,,,,,,,,,,,,,,,,,,
Iran,7/1/18,3722,Thousand barrels per day,,,,,,,,,,,,,,,,,,,,,,,,,,,,
Iran,8/1/18,3520,Thousand barrels per day,,,,,,,,,,,,,,,,,,,,,,,,,,,,
Iran,9/1/18,3400,Thousand barrels per day,,,,,,,,,,,,,,,,,,,,,,,,,,,,
Iran,10/1/18,3400,Thousand barrels per day,,,,,,,,,,,,,,,,,,,,,,,,,,,,
Iran,11/1/18,2700,Thousand barrels per day,,,,,,,,,,,,,,,,,,,,,,,,,,,,
Iran,12/1/18,2600,Thousand barrels per day,,,,,,,,,,,,,,,,,,,,,,,,,,,,
Iraq,1/1/09,2181,Thousand barrels per day,,,,,,,,,,,,,,,,,,,,,,,,,,,,
Iraq,2/1/09,2187,Thousand barrels per day,,,,,,,,,,,,,,,,,,,,,,,,,,,,
Iraq,3/1/09,2328,Thousand barrels per day,,,,,,,,,,,,,,,,,,,,,,,,,,,,
Iraq,4/1/09,2293,Thousand barrels per day,,,,,,,,,,,,,,,,,,,,,,,,,,,,
Iraq,5/1/09,2311,Thousand barrels per day,,,,,,,,,,,,,,,,,,,,,,,,,,,,
Iraq,6/1/09,2407,Thousand barrels per day,,,,,,,,,,,,,,,,,,,,,,,,,,,,
Iraq,7/1/09,2412,Thousand barrels per day,,,,,,,,,,,,,,,,,,,,,,,,,,,,
Iraq,8/1/09,2390,Thousand barrels per day,,,,,,,,,,,,,,,,,,,,,,,,,,,,
Iraq,9/1/09,2374,Thousand barrels per day,,,,,,,,,,,,,,,,,,,,,,,,,,,,
Iraq,10/1/09,2384,Thousand barrels per day,,,,,,,,,,,,,,,,,,,,,,,,,,,,
Iraq,11/1/09,2377,Thousand barrels per day,,,,,,,,,,,,,,,,,,,,,,,,,,,,
Iraq,12/1/09,2378,Thousand barrels per day,,,,,,,,,,,,,,,,,,,,,,,,,,,,
Iraq,1/1/10,2391,Thousand barrels per day,,,,,,,,,,,,,,,,,,,,,,,,,,,,
Iraq,2/1/10,2449,Thousand barrels per day,,,,,,,,,,,,,,,,,,,,,,,,,,,,
Iraq,3/1/10,2275,Thousand barrels per day,,,,,,,,,,,,,,,,,,,,,,,,,,,,
Iraq,4/1/10,2290,Thousand barrels per day,,,,,,,,,,,,,,,,,,,,,,,,,,,,
Iraq,5/1/10,2296,Thousand barrels per day,,,,,,,,,,,,,,,,,,,,,,,,,,,,
Iraq,6/1/10,2319,Thousand barrels per day,,,,,,,,,,,,,,,,,,,,,,,,,,,,
Iraq,7/1/10,2301,Thousand barrels per day,,,,,,,,,,,,,,,,,,,,,,,,,,,,
Iraq,8/1/10,2333,Thousand barrels per day,,,,,,,,,,,,,,,,,,,,,,,,,,,,
Iraq,9/1/10,2370,Thousand barrels per day,,,,,,,,,,,,,,,,,,,,,,,,,,,,
Iraq,10/1/10,2373,Thousand barrels per day,,,,,,,,,,,,,,,,,,,,,,,,,,,,
Iraq,11/1/10,2403,Thousand barrels per day,,,,,,,,,,,,,,,,,,,,,,,,,,,,
Iraq,12/1/10,2775,Thousand barrels per day,,,,,,,,,,,,,,,,,,,,,,,,,,,,
Iraq,1/1/11,2652,Thousand barrels per day,,,,,,,,,,,,,,,,,,,,,,,,,,,,
Iraq,2/1/11,2630,Thousand barrels per day,,,,,,,,,,,,,,,,,,,,,,,,,,,,
Iraq,3/1/11,2525,Thousand barrels per day,,,,,,,,,,,,,,,,,,,,,,,,,,,,
Iraq,4/1/11,2624,Thousand barrels per day,,,,,,,,,,,,,,,,,,,,,,,,,,,,
Iraq,5/1/11,2721,Thousand barrels per day,,,,,,,,,,,,,,,,,,,,,,,,,,,,
Iraq,6/1/11,2712,Thousand barrels per day,,,,,,,,,,,,,,,,,,,,,,,,,,,,
Iraq,7/1/11,2719,Thousand barrels per day,,,,,,,,,,,,,,,,,,,,,,,,,,,,
Iraq,8/1/11,2689,Thousand barrels per day,,,,,,,,,,,,,,,,,,,,,,,,,,,,
Iraq,9/1/11,2700,Thousand barrels per day,,,,,,,,,,,,,,,,,,,,,,,,,,,,
Iraq,10/1/11,2700,Thousand barrels per day,,,,,,,,,,,,,,,,,,,,,,,,,,,,
Iraq,11/1/11,2700,Thousand barrels per day,,,,,,,,,,,,,,,,,,,,,,,,,,,,
Iraq,12/1/11,2700,Thousand barrels per day,,,,,,,,,,,,,,,,,,,,,,,,,,,,
Iraq,1/1/12,2647,Thousand barrels per day,,,,,,,,,,,,,,,,,,,,,,,,,,,,
Iraq,2/1/12,2541,Thousand barrels per day,,,,,,,,,,,,,,,,,,,,,,,,,,,,
Iraq,3/1/12,2691,Thousand barrels per day,,,,,,,,,,,,,,,,,,,,,,,,,,,,
Iraq,4/1/12,2942,Thousand barrels per day,,,,,,,,,,,,,,,,,,,,,,,,,,,,
Iraq,5/1/12,2915,Thousand barrels per day,,,,,,,,,,,,,,,,,,,,,,,,,,,,
Iraq,6/1/12,2951,Thousand barrels per day,,,,,,,,,,,,,,,,,,,,,,,,,,,,
Iraq,7/1/12,3051,Thousand barrels per day,,,,,,,,,,,,,,,,,,,,,,,,,,,,
Iraq,8/1/12,3165,Thousand barrels per day,,,,,,,,,,,,,,,,,,,,,,,,,,,,
Iraq,9/1/12,3235,Thousand barrels per day,,,,,,,,,,,,,,,,,,,,,,,,,,,,
Iraq,10/1/12,3137,Thousand barrels per day,,,,,,,,,,,,,,,,,,,,,,,,,,,,
Iraq,11/1/12,3190,Thousand barrels per day,,,,,,,,,,,,,,,,,,,,,,,,,,,,
Iraq,12/1/12,3100,Thousand barrels per day,,,,,,,,,,,,,,,,,,,,,,,,,,,,
Iraq,1/1/13,3050,Thousand barrels per day,,,,,,,,,,,,,,,,,,,,,,,,,,,,
Iraq,2/1/13,3050,Thousand barrels per day,,,,,,,,,,,,,,,,,,,,,,,,,,,,
Iraq,3/1/13,3050,Thousand barrels per day,,,,,,,,,,,,,,,,,,,,,,,,,,,,
Iraq,4/1/13,3150,Thousand barrels per day,,,,,,,,,,,,,,,,,,,,,,,,,,,,
Iraq,5/1/13,3070,Thousand barrels per day,,,,,,,,,,,,,,,,,,,,,,,,,,,,
Iraq,6/1/13,2994,Thousand barrels per day,,,,,,,,,,,,,,,,,,,,,,,,,,,,
Iraq,7/1/13,2972,Thousand barrels per day,,,,,,,,,,,,,,,,,,,,,,,,,,,,
Iraq,8/1/13,3207,Thousand barrels per day,,,,,,,,,,,,,,,,,,,,,,,,,,,,
Iraq,9/1/13,2833,Thousand barrels per day,,,,,,,,,,,,,,,,,,,,,,,,,,,,
Iraq,10/1/13,2964,Thousand barrels per day,,,,,,,,,,,,,,,,,,,,,,,,,,,,
Iraq,11/1/13,2773,Thousand barrels per day,,,,,,,,,,,,,,,,,,,,,,,,,,,,
Iraq,12/1/13,3002,Thousand barrels per day,,,,,,,,,,,,,,,,,,,,,,,,,,,,
Iraq,1/1/14,2848,Thousand barrels per day,,,,,,,,,,,,,,,,,,,,,,,,,,,,
Iraq,2/1/14,3410,Thousand barrels per day,,,,,,,,,,,,,,,,,,,,,,,,,,,,
Iraq,3/1/14,3089,Thousand barrels per day,,,,,,,,,,,,,,,,,,,,,,,,,,,,
Iraq,4/1/14,3064,Thousand barrels per day,,,,,,,,,,,,,,,,,,,,,,,,,,,,
Iraq,5/1/14,3177,Thousand barrels per day,,,,,,,,,,,,,,,,,,,,,,,,,,,,
Iraq,6/1/14,3111,Thousand barrels per day,,,,,,,,,,,,,,,,,,,,,,,,,,,,
Iraq,7/1/14,3012,Thousand barrels per day,,,,,,,,,,,,,,,,,,,,,,,,,,,,
Iraq,8/1/14,3023,Thousand barrels per day,,,,,,,,,,,,,,,,,,,,,,,,,,,,
Iraq,9/1/14,3198,Thousand barrels per day,,,,,,,,,,,,,,,,,,,,,,,,,,,,
Iraq,10/1/14,3054,Thousand barrels per day,,,,,,,,,,,,,,,,,,,,,,,,,,,,
Iraq,11/1/14,3009,Thousand barrels per day,,,,,,,,,,,,,,,,,,,,,,,,,,,,
Iraq,12/1/14,3356,Thousand barrels per day,,,,,,,,,,,,,,,,,,,,,,,,,,,,
Iraq,1/1/15,3042,Thousand barrels per day,,,,,,,,,,,,,,,,,,,,,,,,,,,,
Iraq,2/1/15,2783,Thousand barrels per day,,,,,,,,,,,,,,,,,,,,,,,,,,,,
Iraq,3/1/15,3339,Thousand barrels per day,,,,,,,,,,,,,,,,,,,,,,,,,,,,
Iraq,4/1/15,3176,Thousand barrels per day,,,,,,,,,,,,,,,,,,,,,,,,,,,,
Iraq,5/1/15,3288,Thousand barrels per day,,,,,,,,,,,,,,,,,,,,,,,,,,,,
Iraq,6/1/15,3591,Thousand barrels per day,,,,,,,,,,,,,,,,,,,,,,,,,,,,
Iraq,7/1/15,3718,Thousand barrels per day,,,,,,,,,,,,,,,,,,,,,,,,,,,,
Iraq,8/1/15,3760,Thousand barrels per day,,,,,,,,,,,,,,,,,,,,,,,,,,,,
Iraq,9/1/15,3755,Thousand barrels per day,,,,,,,,,,,,,,,,,,,,,,,,,,,,
Iraq,10/1/15,3659,Thousand barrels per day,,,,,,,,,,,,,,,,,,,,,,,,,,,,
Iraq,11/1/15,3747,Thousand barrels per day,,,,,,,,,,,,,,,,,,,,,,,,,,,,
Iraq,12/1/15,4130,Thousand barrels per day,,,,,,,,,,,,,,,,,,,,,,,,,,,,
Iraq,1/1/16,4775,Thousand barrels per day,,,,,,,,,,,,,,,,,,,,,,,,,,,,
Iraq,2/1/16,4458,Thousand barrels per day,,,,,,,,,,,,,,,,,,,,,,,,,,,,
Iraq,3/1/16,4553,Thousand barrels per day,,,,,,,,,,,,,,,,,,,,,,,,,,,,
Iraq,4/1/16,4522,Thousand barrels per day,,,,,,,,,,,,,,,,,,,,,,,,,,,,
Iraq,5/1/16,4499,Thousand barrels per day,,,,,,,,,,,,,,,,,,,,,,,,,,,,
Iraq,6/1/16,4549,Thousand barrels per day,,,,,,,,,,,,,,,,,,,,,,,,,,,,
Iraq,7/1/16,4606,Thousand barrels per day,,,,,,,,,,,,,,,,,,,,,,,,,,,,
Iraq,8/1/16,4622,Thousand barrels per day,,,,,,,,,,,,,,,,,,,,,,,,,,,,
Iraq,9/1/16,4774,Thousand barrels per day,,,,,,,,,,,,,,,,,,,,,,,,,,,,
Iraq,10/1/16,4776,Thousand barrels per day,,,,,,,,,,,,,,,,,,,,,,,,,,,,
Iraq,11/1/16,4800,Thousand barrels per day,,,,,,,,,,,,,,,,,,,,,,,,,,,,
Iraq,12/1/16,4830,Thousand barrels per day,,,,,,,,,,,,,,,,,,,,,,,,,,,,
Iraq,1/1/17,4630,Thousand barrels per day,,,,,,,,,,,,,,,,,,,,,,,,,,,,
Iraq,2/1/17,4566,Thousand barrels per day,,,,,,,,,,,,,,,,,,,,,,,,,,,,
Iraq,3/1/17,4568,Thousand barrels per day,,,,,,,,,,,,,,,,,,,,,,,,,,,,
Iraq,4/1/17,4531,Thousand barrels per day,,,,,,,,,,,,,,,,,,,,,,,,,,,,
Iraq,5/1/17,4564,Thousand barrels per day,,,,,,,,,,,,,,,,,,,,,,,,,,,,
Iraq,6/1/17,4550,Thousand barrels per day,,,,,,,,,,,,,,,,,,,,,,,,,,,,
Iraq,7/1/17,4400,Thousand barrels per day,,,,,,,,,,,,,,,,,,,,,,,,,,,,
Iraq,8/1/17,4380,Thousand barrels per day,,,,,,,,,,,,,,,,,,,,,,,,,,,,
Iraq,9/1/17,4360,Thousand barrels per day,,,,,,,,,,,,,,,,,,,,,,,,,,,,
Iraq,10/1/17,4360,Thousand barrels per day,,,,,,,,,,,,,,,,,,,,,,,,,,,,
Iraq,11/1/17,4320,Thousand barrels per day,,,,,,,,,,,,,,,,,,,,,,,,,,,,
Iraq,12/1/17,4380,Thousand barrels per day,,,,,,,,,,,,,,,,,,,,,,,,,,,,
Iraq,1/1/18,4430,Thousand barrels per day,,,,,,,,,,,,,,,,,,,,,,,,,,,,
Iraq,2/1/18,4470,Thousand barrels per day,,,,,,,,,,,,,,,,,,,,,,,,,,,,
Iraq,3/1/18,4480,Thousand barrels per day,,,,,,,,,,,,,,,,,,,,,,,,,,,,
Iraq,4/1/18,4440,Thousand barrels per day,,,,,,,,,,,,,,,,,,,,,,,,,,,,
Iraq,5/1/18,4490,Thousand barrels per day,,,,,,,,,,,,,,,,,,,,,,,,,,,,
Iraq,6/1/18,4574,Thousand barrels per day,,,,,,,,,,,,,,,,,,,,,,,,,,,,
Iraq,7/1/18,4604,Thousand barrels per day,,,,,,,,,,,,,,,,,,,,,,,,,,,,
Iraq,8/1/18,4675,Thousand barrels per day,,,,,,,,,,,,,,,,,,,,,,,,,,,,
Iraq,9/1/18,4700,Thousand barrels per day,,,,,,,,,,,,,,,,,,,,,,,,,,,,
Iraq,10/1/18,4730,Thousand barrels per day,,,,,,,,,,,,,,,,,,,,,,,,,,,,
Iraq,11/1/18,4770,Thousand barrels per day,,,,,,,,,,,,,,,,,,,,,,,,,,,,
Iraq,12/1/18,4800,Thousand barrels per day,,,,,,,,,,,,,,,,,,,,,,,,,,,,
Kuwait,1/1/09,2323,Thousand barrels per day,,,,,,,,,,,,,,,,,,,,,,,,,,,,
Kuwait,2/1/09,2234,Thousand barrels per day,,,,,,,,,,,,,,,,,,,,,,,,,,,,
Kuwait,3/1/09,2240,Thousand barrels per day,,,,,,,,,,,,,,,,,,,,,,,,,,,,
Kuwait,4/1/09,2250,Thousand barrels per day,,,,,,,,,,,,,,,,,,,,,,,,,,,,
Kuwait,5/1/09,2240,Thousand barrels per day,,,,,,,,,,,,,,,,,,,,,,,,,,,,
Kuwait,6/1/09,2270,Thousand barrels per day,,,,,,,,,,,,,,,,,,,,,,,,,,,,
Kuwait,7/1/09,2270,Thousand barrels per day,,,,,,,,,,,,,,,,,,,,,,,,,,,,
Kuwait,8/1/09,2230,Thousand barrels per day,,,,,,,,,,,,,,,,,,,,,,,,,,,,
Kuwait,9/1/09,2255,Thousand barrels per day,,,,,,,,,,,,,,,,,,,,,,,,,,,,
Kuwait,10/1/09,2265,Thousand barrels per day,,,,,,,,,,,,,,,,,,,,,,,,,,,,
Kuwait,11/1/09,2285,Thousand barrels per day,,,,,,,,,,,,,,,,,,,,,,,,,,,,0
Kuwait,12/1/09,2275,Thousand barrels per day,,,,,,,,,,,,,,,,,,,,,,,,,,,,
Kuwait,1/1/10,2300,Thousand barrels per day,,,,,,,,,,,,,,,,,,,,,,,,,,,,
Kuwait,2/1/10,2310,Thousand barrels per day,,,,,,,,,,,,,,,,,,,,,,,,,,,,
Kuwait,3/1/10,2325,Thousand barrels per day,,,,,,,,,,,,,,,,,,,,,,,,,,,,
Kuwait,4/1/10,2300,Thousand barrels per day,,,,,,,,,,,,,,,,,,,,,,,,,,,,
Kuwait,5/1/10,2320,Thousand barrels per day,,,,,,,,,,,,,,,,,,,,,,,,,,,,
Kuwait,6/1/10,2320,Thousand barrels per day,,,,,,,,,,,,,,,,,,,,,,,,,,,,
Kuwait,7/1/10,2300,Thousand barrels per day,,,,,,,,,,,,,,,,,,,,,,,,,,,,
Kuwait,8/1/10,2310,Thousand barrels per day,,,,,,,,,,,,,,,,,,,,,,,,,,,,
Kuwait,9/1/10,2320,Thousand barrels per day,,,,,,,,,,,,,,,,,,,,,,,,,,,,
Kuwait,10/1/10,2320,Thousand barrels per day,,,,,,,,,,,,,,,,,,,,,,,,,,,,
Kuwait,11/1/10,2300,Thousand barrels per day,,,,,,,,,,,,,,,,,,,,,,,,,,,,
Kuwait,12/1/10,2320,Thousand barrels per day,,,,,,,,,,,,,,,,,,,,,,,,,,,,
Kuwait,1/1/11,2380,Thousand barrels per day,,,,,,,,,,,,,,,,,,,,,,,,,,,,
Kuwait,2/1/11,2420,Thousand barrels per day,,,,,,,,,,,,,,,,,,,,,,,,,,,,
Kuwait,3/1/11,2460,Thousand barrels per day,,,,,,,,,,,,,,,,,,,,,,,,,,,,
Kuwait,4/1/11,2500,Thousand barrels per day,,,,,,,,,,,,,,,,,,,,,,,,,,,,
Kuwait,5/1/11,2550,Thousand barrels per day,,,,,,,,,,,,,,,,,,,,,,,,,,,,
Kuwait,6/1/11,2600,Thousand barrels per day,,,,,,,,,,,,,,,,,,,,,,,,,,,,
Kuwait,7/1/11,2500,Thousand barrels per day,,,,,,,,,,,,,,,,,,,,,,,,,,,,
Kuwait,8/1/11,2550,Thousand barrels per day,,,,,,,,,,,,,,,,,,,,,,,,,,,,
Kuwait,9/1/11,2550,Thousand barrels per day,,,,,,,,,,,,,,,,,,,,,,,,,,,,
Kuwait,10/1/11,2550,Thousand barrels per day,,,,,,,,,,,,,,,,,,,,,,,,,,,,
Kuwait,11/1/11,2550,Thousand barrels per day,,,,,,,,,,,,,,,,,,,,,,,,,,,,
Kuwait,12/1/11,2600,Thousand barrels per day,,,,,,,,,,,,,,,,,,,,,,,,,,,,
Kuwait,1/1/12,2600,Thousand barrels per day,,,,,,,,,,,,,,,,,,,,,,,,,,,,
Kuwait,2/1/12,2600,Thousand barrels per day,,,,,,,,,,,,,,,,,,,,,,,,,,,,
Kuwait,3/1/12,2590,Thousand barrels per day,,,,,,,,,,,,,,,,,,,,,,,,,,,,
Kuwait,4/1/12,2590,Thousand barrels per day,,,,,,,,,,,,,,,,,,,,,,,,,,,,
Kuwait,5/1/12,2590,Thousand barrels per day,,,,,,,,,,,,,,,,,,,,,,,,,,,,
Kuwait,6/1/12,2580,Thousand barrels per day,,,,,,,,,,,,,,,,,,,,,,,,,,,,
Kuwait,7/1/12,2575,Thousand barrels per day,,,,,,,,,,,,,,,,,,,,,,,,,,,,
Kuwait,8/1/12,2575,Thousand barrels per day,,,,,,,,,,,,,,,,,,,,,,,,,,,,
Kuwait,9/1/12,2560,Thousand barrels per day,,,,,,,,,,,,,,,,,,,,,,,,,,,,
Kuwait,10/1/12,2560,Thousand barrels per day,,,,,,,,,,,,,,,,,,,,,,,,,,,,
Kuwait,11/1/12,2600,Thousand barrels per day,,,,,,,,,,,,,,,,,,,,,,,,,,,,
Kuwait,12/1/12,2600,Thousand barrels per day,,,,,,,,,,,,,,,,,,,,,,,,,,,,
Kuwait,1/1/13,2600,Thousand barrels per day,,,,,,,,,,,,,,,,,,,,,,,,,,,,
Kuwait,2/1/13,2600,Thousand barrels per day,,,,,,,,,,,,,,,,,,,,,,,,,,,,
Kuwait,3/1/13,2600,Thousand barrels per day,,,,,,,,,,,,,,,,,,,,,,,,,,,,
Kuwait,4/1/13,2600,Thousand barrels per day,,,,,,,,,,,,,,,,,,,,,,,,,,,,
Kuwait,5/1/13,2600,Thousand barrels per day,,,,,,,,,,,,,,,,,,,,,,,,,,,,
Kuwait,6/1/13,2600,Thousand barrels per day,,,,,,,,,,,,,,,,,,,,,,,,,,,,
Kuwait,7/1/13,2600,Thousand barrels per day,,,,,,,,,,,,,,,,,,,,,,,,,,,,
Kuwait,8/1/13,2600,Thousand barrels per day,,,,,,,,,,,,,,,,,,,,,,,,,,,,
Kuwait,9/1/13,2600,Thousand barrels per day,,,,,,,,,,,,,,,,,,,,,,,,,,,,
Kuwait,10/1/13,2600,Thousand barrels per day,,,,,,,,,,,,,,,,,,,,,,,,,,,,
Kuwait,11/1/13,2600,Thousand barrels per day,,,,,,,,,,,,,,,,,,,,,,,,,,,,
Kuwait,12/1/13,2600,Thousand barrels per day,,,,,,,,,,,,,,,,,,,,,,,,,,,,
Kuwait,1/1/14,2550,Thousand barrels per day,,,,,,,,,,,,,,,,,,,,,,,,,,,,
Kuwait,2/1/14,2550,Thousand barrels per day,,,,,,,,,,,,,,,,,,,,,,,,,,,,
Kuwait,3/1/14,2500,Thousand barrels per day,,,,,,,,,,,,,,,,,,,,,,,,,,,,
Kuwait,4/1/14,2500,Thousand barrels per day,,,,,,,,,,,,,,,,,,,,,,,,,,,,
Kuwait,5/1/14,2600,Thousand barrels per day,,,,,,,,,,,,,,,,,,,,,,,,,,,,
Kuwait,6/1/14,2550,Thousand barrels per day,,,,,,,,,,,,,,,,,,,,,,,,,,,,
Kuwait,7/1/14,2600,Thousand barrels per day,,,,,,,,,,,,,,,,,,,,,,,,,,,,
Kuwait,8/1/14,2650,Thousand barrels per day,,,,,,,,,,,,,,,,,,,,,,,,,,,,
Kuwait,9/1/14,2650,Thousand barrels per day,,,,,,,,,,,,,,,,,,,,,,,,,,,,
Kuwait,10/1/14,2650,Thousand barrels per day,,,,,,,,,,,,,,,,,,,,,,,,,,,,
Kuwait,11/1/14,2650,Thousand barrels per day,,,,,,,,,,,,,,,,,,,,,,,,,,,,
Kuwait,12/1/14,2650,Thousand barrels per day,,,,,,,,,,,,,,,,,,,,,,,,,,,,
Kuwait,1/1/15,2700,Thousand barrels per day,,,,,,,,,,,,,,,,,,,,,,,,,,,,
Kuwait,2/1/15,2700,Thousand barrels per day,,,,,,,,,,,,,,,,,,,,,,,,,,,,
Kuwait,3/1/15,2700,Thousand barrels per day,,,,,,,,,,,,,,,,,,,,,,,,,,,,
Kuwait,4/1/15,2720,Thousand barrels per day,,,,,,,,,,,,,,,,,,,,,,,,,,,,
Kuwait,5/1/15,2730,Thousand barrels per day,,,,,,,,,,,,,,,,,,,,,,,,,,,,
Kuwait,6/1/15,2730,Thousand barrels per day,,,,,,,,,,,,,,,,,,,,,,,,,,,,
Kuwait,7/1/15,2760,Thousand barrels per day,,,,,,,,,,,,,,,,,,,,,,,,,,,,
Kuwait,8/1/15,2800,Thousand barrels per day,,,,,,,,,,,,,,,,,,,,,,,,,,,,
Kuwait,9/1/15,2800,Thousand barrels per day,,,,,,,,,,,,,,,,,,,,,,,,,,,,
Kuwait,10/1/15,2750,Thousand barrels per day,,,,,,,,,,,,,,,,,,,,,,,,,,,,
Kuwait,11/1/15,2800,Thousand barrels per day,,,,,,,,,,,,,,,,,,,,,,,,,,,,
Kuwait,12/1/15,2850,Thousand barrels per day,,,,,,,,,,,,,,,,,,,,,,,,,,,,
Kuwait,1/1/16,2900,Thousand barrels per day,,,,,,,,,,,,,,,,,,,,,,,,,,,,
Kuwait,2/1/16,2860,Thousand barrels per day,,,,,,,,,,,,,,,,,,,,,,,,,,,,
Kuwait,3/1/16,2880,Thousand barrels per day,,,,,,,,,,,,,,,,,,,,,,,,,,,,
Kuwait,4/1/16,2650,Thousand barrels per day,,,,,,,,,,,,,,,,,,,,,,,,,,,,
Kuwait,5/1/16,2860,Thousand barrels per day,,,,,,,,,,,,,,,,,,,,,,,,,,,,
Kuwait,6/1/16,2860,Thousand barrels per day,,,,,,,,,,,,,,,,,,,,,,,,,,,,
Kuwait,7/1/16,2860,Thousand barrels per day,,,,,,,,,,,,,,,,,,,,,,,,,,,,
Kuwait,8/1/16,2987,Thousand barrels per day,,,,,,,,,,,,,,,,,,,,,,,,,,,,
Kuwait,9/1/16,2970,Thousand barrels per day,,,,,,,,,,,,,,,,,,,,,,,,,,,,
Kuwait,10/1/16,3000,Thousand barrels per day,,,,,,,,,,,,,,,,,,,,,,,,,,,,
Kuwait,11/1/16,2900,Thousand barrels per day,,,,,,,,,,,,,,,,,,,,,,,,,,,,
Kuwait,12/1/16,2844,Thousand barrels per day,,,,,,,,,,,,,,,,,,,,,,,,,,,,
Kuwait,1/1/17,2710,Thousand barrels per day,,,,,,,,,,,,,,,,,,,,,,,,,,,,
Kuwait,2/1/17,2705,Thousand barrels per day,,,,,,,,,,,,,,,,,,,,,,,,,,,,
Kuwait,3/1/17,2700,Thousand barrels per day,,,,,,,,,,,,,,,,,,,,,,,,,,,,
Kuwait,4/1/17,2710,Thousand barrels per day,,,,,,,,,,,,,,,,,,,,,,,,,,,,
Kuwait,5/1/17,2715,Thousand barrels per day,,,,,,,,,,,,,,,,,,,,,,,,,,,,
Kuwait,6/1/17,2705,Thousand barrels per day,,,,,,,,,,,,,,,,,,,,,,,,,,,,
Kuwait,7/1/17,2700,Thousand barrels per day,,,,,,,,,,,,,,,,,,,,,,,,,,,,
Kuwait,8/1/17,2700,Thousand barrels per day,,,,,,,,,,,,,,,,,,,,,,,,,,,,
Kuwait,9/1/17,2700,Thousand barrels per day,,,,,,,,,,,,,,,,,,,,,,,,,,,,
Kuwait,10/1/17,2700,Thousand barrels per day,,,,,,,,,,,,,,,,,,,,,,,,,,,,
Kuwait,11/1/17,2705,Thousand barrels per day,,,,,,,,,,,,,,,,,,,,,,,,,,,,
Kuwait,12/1/17,2701,Thousand barrels per day,,,,,,,,,,,,,,,,,,,,,,,,,,,,
Kuwait,1/1/18,2705,Thousand barrels per day,,,,,,,,,,,,,,,,,,,,,,,,,,,,
Kuwait,2/1/18,2700,Thousand barrels per day,,,,,,,,,,,,,,,,,,,,,,,,,,,,
Kuwait,3/1/18,2700,Thousand barrels per day,,,,,,,,,,,,,,,,,,,,,,,,,,,,
Kuwait,4/1/18,2705,Thousand barrels per day,,,,,,,,,,,,,,,,,,,,,,,,,,,,
Kuwait,5/1/18,2700,Thousand barrels per day,,,,,,,,,,,,,,,,,,,,,,,,,,,,
Kuwait,6/1/18,2707,Thousand barrels per day,,,,,,,,,,,,,,,,,,,,,,,,,,,,
Kuwait,7/1/18,2800,Thousand barrels per day,,,,,,,,,,,,,,,,,,,,,,,,,,,,
Kuwait,8/1/18,2800,Thousand barrels per day,,,,,,,,,,,,,,,,,,,,,,,,,,,,
Kuwait,9/1/18,2752,Thousand barrels per day,,,,,,,,,,,,,,,,,,,,,,,,,,,,
Kuwait,10/1/18,2733,Thousand barrels per day,,,,,,,,,,,,,,,,,,,,,,,,,,,,
Kuwait,11/1/18,2730,Thousand barrels per day,,,,,,,,,,,,,,,,,,,,,,,,,,,,
Kuwait,12/1/18,2802,Thousand barrels per day,,,,,,,,,,,,,,,,,,,,,,,,,,,,
Oman,1/1/09,785,Thousand barrels per day,,,,,,,,,,,,,,,,,,,,,,,,,,,,
Oman,2/1/09,783,Thousand barrels per day,,,,,,,,,,,,,,,,,,,,,,,,,,,,
Oman,3/1/09,804,Thousand barrels per day,,,,,,,,,,,,,,,,,,,,,,,,,,,,
Oman,4/1/09,789,Thousand barrels per day,,,,,,,,,,,,,,,,,,,,,,,,,,,,
Oman,5/1/09,808,Thousand barrels per day,,,,,,,,,,,,,,,,,,,,,,,,,,,,
Oman,6/1/09,812,Thousand barrels per day,,,,,,,,,,,,,,,,,,,,,,,,,,,,
Oman,7/1/09,827,Thousand barrels per day,,,,,,,,,,,,,,,,,,,,,,,,,,,,
Oman,8/1/09,844,Thousand barrels per day,,,,,,,,,,,,,,,,,,,,,,,,,,,,
Oman,9/1/09,840,Thousand barrels per day,,,,,,,,,,,,,,,,,,,,,,,,,,,,
Oman,10/1/09,824,Thousand barrels per day,,,,,,,,,,,,,,,,,,,,,,,,,,,,
Oman,11/1/09,837,Thousand barrels per day,,,,,,,,,,,,,,,,,,,,,,,,,,,,
Oman,12/1/09,849,Thousand barrels per day,,,,,,,,,,,,,,,,,,,,,,,,,,,,
Oman,1/1/10,854,Thousand barrels per day,,,,,,,,,,,,,,,,,,,,,,,,,,,,
Oman,2/1/10,860,Thousand barrels per day,,,,,,,,,,,,,,,,,,,,,,,,,,,,
Oman,3/1/10,866,Thousand barrels per day,,,,,,,,,,,,,,,,,,,,,,,,,,,,
Oman,4/1/10,858,Thousand barrels per day,,,,,,,,,,,,,,,,,,,,,,,,,,,,
Oman,5/1/10,882,Thousand barrels per day,,,,,,,,,,,,,,,,,,,,,,,,,,,,
Oman,6/1/10,848,Thousand barrels per day,,,,,,,,,,,,,,,,,,,,,,,,,,,,
Oman,7/1/10,876,Thousand barrels per day,,,,,,,,,,,,,,,,,,,,,,,,,,,,
Oman,8/1/10,859,Thousand barrels per day,,,,,,,,,,,,,,,,,,,,,,,,,,,,
Oman,9/1/10,881,Thousand barrels per day,,,,,,,,,,,,,,,,,,,,,,,,,,,,
Oman,10/1/10,871,Thousand barrels per day,,,,,,,,,,,,,,,,,,,,,,,,,,,,
Oman,11/1/10,886,Thousand barrels per day,,,,,,,,,,,,,,,,,,,,,,,,,,,,
Oman,12/1/10,890,Thousand barrels per day,,,,,,,,,,,,,,,,,,,,,,,,,,,,
Oman,1/1/11,890,Thousand barrels per day,,,,,,,,,,,,,,,,,,,,,,,,,,,,
Oman,2/1/11,896,Thousand barrels per day,,,,,,,,,,,,,,,,,,,,,,,,,,,,
Oman,3/1/11,890,Thousand barrels per day,,,,,,,,,,,,,,,,,,,,,,,,,,,,
Oman,4/1/11,882,Thousand barrels per day,,,,,,,,,,,,,,,,,,,,,,,,,,,,
Oman,5/1/11,870,Thousand barrels per day,,,,,,,,,,,,,,,,,,,,,,,,,,,,
Oman,6/1/11,881,Thousand barrels per day,,,,,,,,,,,,,,,,,,,,,,,,,,,,
Oman,7/1/11,887,Thousand barrels per day,,,,,,,,,,,,,,,,,,,,,,,,,,,,
Oman,8/1/11,913,Thousand barrels per day,,,,,,,,,,,,,,,,,,,,,,,,,,,,
Oman,9/1/11,898,Thousand barrels per day,,,,,,,,,,,,,,,,,,,,,,,,,,,,
Oman,10/1/11,904,Thousand barrels per day,,,,,,,,,,,,,,,,,,,,,,,,,,,,
Oman,11/1/11,875,Thousand barrels per day,,,,,,,,,,,,,,,,,,,,,,,,,,,,
Oman,12/1/11,904,Thousand barrels per day,,,,,,,,,,,,,,,,,,,,,,,,,,,,
Oman,1/1/12,899,Thousand barrels per day,,,,,,,,,,,,,,,,,,,,,,,,,,,,
Oman,2/1/12,867,Thousand barrels per day,,,,,,,,,,,,,,,,,,,,,,,,,,,,
Oman,3/1/12,913,Thousand barrels per day,,,,,,,,,,,,,,,,,,,,,,,,,,,,
Oman,4/1/12,893,Thousand barrels per day,,,,,,,,,,,,,,,,,,,,,,,,,,,,
Oman,5/1/12,938,Thousand barrels per day,,,,,,,,,,,,,,,,,,,,,,,,,,,,
Oman,6/1/12,929,Thousand barrels per day,,,,,,,,,,,,,,,,,,,,,,,,,,,,
Oman,7/1/12,935,Thousand barrels per day,,,,,,,,,,,,,,,,,,,,,,,,,,,,
Oman,8/1/12,928,Thousand barrels per day,,,,,,,,,,,,,,,,,,,,,,,,,,,,
Oman,9/1/12,931,Thousand barrels per day,,,,,,,,,,,,,,,,,,,,,,,,,,,,
Oman,10/1/12,940,Thousand barrels per day,,,,,,,,,,,,,,,,,,,,,,,,,,,,
Oman,11/1/12,952,Thousand barrels per day,,,,,,,,,,,,,,,,,,,,,,,,,,,,
Oman,12/1/12,955,Thousand barrels per day,,,,,,,,,,,,,,,,,,,,,,,,,,,,
Oman,1/1/13,945,Thousand barrels per day,,,,,,,,,,,,,,,,,,,,,,,,,,,,
Oman,2/1/13,949,Thousand barrels per day,,,,,,,,,,,,,,,,,,,,,,,,,,,,
Oman,3/1/13,939,Thousand barrels per day,,,,,,,,,,,,,,,,,,,,,,,,,,,,
Oman,4/1/13,915,Thousand barrels per day,,,,,,,,,,,,,,,,,,,,,,,,,,,,
Oman,5/1/13,925,Thousand barrels per day,,,,,,,,,,,,,,,,,,,,,,,,,,,,
Oman,6/1/13,965,Thousand barrels per day,,,,,,,,,,,,,,,,,,,,,,,,,,,,
Oman,7/1/13,950,Thousand barrels per day,,,,,,,,,,,,,,,,,,,,,,,,,,,,
Oman,8/1/13,953,Thousand barrels per day,,,,,,,,,,,,,,,,,,,,,,,,,,,,
Oman,9/1/13,963,Thousand barrels per day,,,,,,,,,,,,,,,,,,,,,,,,,,,,
Oman,10/1/13,958,Thousand barrels per day,,,,,,,,,,,,,,,,,,,,,,,,,,,,
Oman,11/1/13,956,Thousand barrels per day,,,,,,,,,,,,,,,,,,,,,,,,,,,,
Oman,12/1/13,950,Thousand barrels per day,,,,,,,,,,,,,,,,,,,,,,,,,,,,
Oman,1/1/14,964,Thousand barrels per day,,,,,,,,,,,,,,,,,,,,,,,,,,,,
Oman,2/1/14,951,Thousand barrels per day,,,,,,,,,,,,,,,,,,,,,,,,,,,,
Oman,3/1/14,946,Thousand barrels per day,,,,,,,,,,,,,,,,,,,,,,,,,,,,
Oman,4/1/14,929,Thousand barrels per day,,,,,,,,,,,,,,,,,,,,,,,,,,,,
Oman,5/1/14,941,Thousand barrels per day,,,,,,,,,,,,,,,,,,,,,,,,,,,,
Oman,6/1/14,962,Thousand barrels per day,,,,,,,,,,,,,,,,,,,,,,,,,,,,
Oman,7/1/14,962,Thousand barrels per day,,,,,,,,,,,,,,,,,,,,,,,,,,,,
Oman,8/1/14,959,Thousand barrels per day,,,,,,,,,,,,,,,,,,,,,,,,,,,,
Oman,9/1/14,964,Thousand barrels per day,,,,,,,,,,,,,,,,,,,,,,,,,,,,
Oman,10/1/14,943,Thousand barrels per day,,,,,,,,,,,,,,,,,,,,,,,,,,,,
Oman,11/1/14,926,Thousand barrels per day,,,,,,,,,,,,,,,,,,,,,,,,,,,,
Oman,12/1/14,937,Thousand barrels per day,,,,,,,,,,,,,,,,,,,,,,,,,,,,
Oman,1/1/15,965,Thousand barrels per day,,,,,,,,,,,,,,,,,,,,,,,,,,,,
Oman,2/1/15,963,Thousand barrels per day,,,,,,,,,,,,,,,,,,,,,,,,,,,,
Oman,3/1/15,982,Thousand barrels per day,,,,,,,,,,,,,,,,,,,,,,,,,,,,
Oman,4/1/15,965,Thousand barrels per day,,,,,,,,,,,,,,,,,,,,,,,,,,,,
Oman,5/1/15,980,Thousand barrels per day,,,,,,,,,,,,,,,,,,,,,,,,,,,,
Oman,6/1/15,998,Thousand barrels per day,,,,,,,,,,,,,,,,,,,,,,,,,,,,
Oman,7/1/15,1007,Thousand barrels per day,,,,,,,,,,,,,,,,,,,,,,,,,,,,
Oman,8/1/15,994,Thousand barrels per day,,,,,,,,,,,,,,,,,,,,,,,,,,,,
Oman,9/1/15,995,Thousand barrels per day,,,,,,,,,,,,,,,,,,,,,,,,,,,,
Oman,10/1/15,971,Thousand barrels per day,,,,,,,,,,,,,,,,,,,,,,,,,,,,
Oman,11/1/15,1001,Thousand barrels per day,,,,,,,,,,,,,,,,,,,,,,,,,,,,
Oman,12/1/15,1012,Thousand barrels per day,,,,,,,,,,,,,,,,,,,,,,,,,,,,
Oman,1/1/16,1012,Thousand barrels per day,,,,,,,,,,,,,,,,,,,,,,,,,,,,
Oman,2/1/16,1019,Thousand barrels per day,,,,,,,,,,,,,,,,,,,,,,,,,,,,
Oman,3/1/16,984,Thousand barrels per day,,,,,,,,,,,,,,,,,,,,,,,,,,,,
Oman,4/1/16,1002,Thousand barrels per day,,,,,,,,,,,,,,,,,,,,,,,,,,,,
Oman,5/1/16,1008,Thousand barrels per day,,,,,,,,,,,,,,,,,,,,,,,,,,,,
Oman,6/1/16,1021,Thousand barrels per day,,,,,,,,,,,,,,,,,,,,,,,,,,,,
Oman,7/1/16,1019,Thousand barrels per day,,,,,,,,,,,,,,,,,,,,,,,,,,,,
Oman,8/1/16,1021,Thousand barrels per day,,,,,,,,,,,,,,,,,,,,,,,,,,,,
Oman,9/1/16,1011,Thousand barrels per day,,,,,,,,,,,,,,,,,,,,,,,,,,,,
Oman,10/1/16,1020,Thousand barrels per day,,,,,,,,,,,,,,,,,,,,,,,,,,,,
Oman,11/1/16,1023,Thousand barrels per day,,,,,,,,,,,,,,,,,,,,,,,,,,,,
Oman,12/1/16,1003,Thousand barrels per day,,,,,,,,,,,,,,,,,,,,,,,,,,,,
Oman,1/1/17,974,Thousand barrels per day,,,,,,,,,,,,,,,,,,,,,,,,,,,,
Oman,2/1/17,978,Thousand barrels per day,,,,,,,,,,,,,,,,,,,,,,,,,,,,
Oman,3/1/17,976,Thousand barrels per day,,,,,,,,,,,,,,,,,,,,,,,,,,,,
Oman,4/1/17,976,Thousand barrels per day,,,,,,,,,,,,,,,,,,,,,,,,,,,,
Oman,5/1/17,979,Thousand barrels per day,,,,,,,,,,,,,,,,,,,,,,,,,,,,
Oman,6/1/17,972,Thousand barrels per day,,,,,,,,,,,,,,,,,,,,,,,,,,,,
Oman,7/1/17,972,Thousand barrels per day,,,,,,,,,,,,,,,,,,,,,,,,,,,,
Oman,8/1/17,977,Thousand barrels per day,,,,,,,,,,,,,,,,,,,,,,,,,,,,
Oman,9/1/17,984,Thousand barrels per day,,,,,,,,,,,,,,,,,,,,,,,,,,,,
Oman,10/1/17,985,Thousand barrels per day,,,,,,,,,,,,,,,,,,,,,,,,,,,,
Oman,11/1/17,971,Thousand barrels per day,,,,,,,,,,,,,,,,,,,,,,,,,,,,
Oman,12/1/17,992,Thousand barrels per day,,,,,,,,,,,,,,,,,,,,,,,,,,,,
Oman,1/1/18,975,Thousand barrels per day,,,,,,,,,,,,,,,,,,,,,,,,,,,,
Oman,2/1/18,975,Thousand barrels per day,,,,,,,,,,,,,,,,,,,,,,,,,,,,
Oman,3/1/18,975,Thousand barrels per day,,,,,,,,,,,,,,,,,,,,,,,,,,,,
Oman,4/1/18,976,Thousand barrels per day,,,,,,,,,,,,,,,,,,,,,,,,,,,,
Oman,5/1/18,977,Thousand barrels per day,,,,,,,,,,,,,,,,,,,,,,,,,,,,
Oman,6/1/18,982,Thousand barrels per day,,,,,,,,,,,,,,,,,,,,,,,,,,,,
Oman,7/1/18,984,Thousand barrels per day,,,,,,,,,,,,,,,,,,,,,,,,,,,,
Oman,8/1/18,983,Thousand barrels per day,,,,,,,,,,,,,,,,,,,,,,,,,,,,
Oman,9/1/18,999,Thousand barrels per day,,,,,,,,,,,,,,,,,,,,,,,,,,,,
Oman,10/1/18,1004,Thousand barrels per day,,,,,,,,,,,,,,,,,,,,,,,,,,,,
Oman,11/1/18,1010,Thousand barrels per day,,,,,,,,,,,,,,,,,,,,,,,,,,,,
Oman,12/1/18,1001,Thousand barrels per day,,,,,,,,,,,,,,,,,,,,,,,,,,,,
Qatar,1/1/09,731,Thousand barrels per day,,,,,,,,,,,,,,,,,,,,,,,,,,,,
Qatar,2/1/09,733,Thousand barrels per day,,,,,,,,,,,,,,,,,,,,,,,,,,,,
Qatar,3/1/09,735,Thousand barrels per day,,,,,,,,,,,,,,,,,,,,,,,,,,,,
Qatar,4/1/09,737,Thousand barrels per day,,,,,,,,,,,,,,,,,,,,,,,,,,,,
Qatar,5/1/09,732,Thousand barrels per day,,,,,,,,,,,,,,,,,,,,,,,,,,,,
Qatar,6/1/09,730,Thousand barrels per day,,,,,,,,,,,,,,,,,,,,,,,,,,,,
Qatar,7/1/09,739,Thousand barrels per day,,,,,,,,,,,,,,,,,,,,,,,,,,,,
Qatar,8/1/09,741,Thousand barrels per day,,,,,,,,,,,,,,,,,,,,,,,,,,,,
Qatar,9/1/09,728,Thousand barrels per day,,,,,,,,,,,,,,,,,,,,,,,,,,,,
Qatar,10/1/09,724,Thousand barrels per day,,,,,,,,,,,,,,,,,,,,,,,,,,,,
Qatar,11/1/09,735,Thousand barrels per day,,,,,,,,,,,,,,,,,,,,,,,,,,,,
Qatar,12/1/09,732,Thousand barrels per day,,,,,,,,,,,,,,,,,,,,,,,,,,,,
Qatar,1/1/10,738,Thousand barrels per day,,,,,,,,,,,,,,,,,,,,,,,,,,,,
Qatar,2/1/10,736,Thousand barrels per day,,,,,,,,,,,,,,,,,,,,,,,,,,,,
Qatar,3/1/10,734,Thousand barrels per day,,,,,,,,,,,,,,,,,,,,,,,,,,,,
Qatar,4/1/10,737,Thousand barrels per day,,,,,,,,,,,,,,,,,,,,,,,,,,,,
Qatar,5/1/10,732,Thousand barrels per day,,,,,,,,,,,,,,,,,,,,,,,,,,,,
Qatar,6/1/10,735,Thousand barrels per day,,,,,,,,,,,,,,,,,,,,,,,,,,,,
Qatar,7/1/10,738,Thousand barrels per day,,,,,,,,,,,,,,,,,,,,,,,,,,,,
Qatar,8/1/10,736,Thousand barrels per day,,,,,,,,,,,,,,,,,,,,,,,,,,,,
Qatar,9/1/10,734,Thousand barrels per day,,,,,,,,,,,,,,,,,,,,,,,,,,,,
Qatar,10/1/10,710,Thousand barrels per day,,,,,,,,,,,,,,,,,,,,,,,,,,,,
Qatar,11/1/10,733,Thousand barrels per day,,,,,,,,,,,,,,,,,,,,,,,,,,,,
Qatar,12/1/10,736,Thousand barrels per day,,,,,,,,,,,,,,,,,,,,,,,,,,,,
Qatar,1/1/11,732,Thousand barrels per day,,,,,,,,,,,,,,,,,,,,,,,,,,,,
Qatar,2/1/11,732,Thousand barrels per day,,,,,,,,,,,,,,,,,,,,,,,,,,,,
Qatar,3/1/11,730,Thousand barrels per day,,,,,,,,,,,,,,,,,,,,,,,,,,,,
Qatar,4/1/11,730,Thousand barrels per day,,,,,,,,,,,,,,,,,,,,,,,,,,,,
Qatar,5/1/11,731,Thousand barrels per day,,,,,,,,,,,,,,,,,,,,,,,,,,,,
Qatar,6/1/11,755,Thousand barrels per day,,,,,,,,,,,,,,,,,,,,,,,,,,,,
Qatar,7/1/11,731,Thousand barrels per day,,,,,,,,,,,,,,,,,,,,,,,,,,,,
Qatar,8/1/11,731,Thousand barrels per day,,,,,,,,,,,,,,,,,,,,,,,,,,,,
Qatar,9/1/11,730,Thousand barrels per day,,,,,,,,,,,,,,,,,,,,,,,,,,,,
Qatar,10/1/11,730,Thousand barrels per day,,,,,,,,,,,,,,,,,,,,,,,,,,,,
Qatar,11/1/11,731,Thousand barrels per day,,,,,,,,,,,,,,,,,,,,,,,,,,,,
Qatar,12/1/11,738,Thousand barrels per day,,,,,,,,,,,,,,,,,,,,,,,,,,,,
Qatar,1/1/12,742,Thousand barrels per day,,,,,,,,,,,,,,,,,,,,,,,,,,,,
Qatar,2/1/12,750,Thousand barrels per day,,,,,,,,,,,,,,,,,,,,,,,,,,,,
Qatar,3/1/12,743,Thousand barrels per day,,,,,,,,,,,,,,,,,,,,,,,,,,,,
Qatar,4/1/12,733,Thousand barrels per day,,,,,,,,,,,,,,,,,,,,,,,,,,,,
Qatar,5/1/12,732,Thousand barrels per day,,,,,,,,,,,,,,,,,,,,,,,,,,,,
Qatar,6/1/12,746,Thousand barrels per day,,,,,,,,,,,,,,,,,,,,,,,,,,,,
Qatar,7/1/12,719,Thousand barrels per day,,,,,,,,,,,,,,,,,,,,,,,,,,,,
Qatar,8/1/12,723,Thousand barrels per day,,,,,,,,,,,,,,,,,,,,,,,,,,,,
Qatar,9/1/12,735,Thousand barrels per day,,,,,,,,,,,,,,,,,,,,,,,,,,,,
Qatar,10/1/12,725,Thousand barrels per day,,,,,,,,,,,,,,,,,,,,,,,,,,,,
Qatar,11/1/12,730,Thousand barrels per day,,,,,,,,,,,,,,,,,,,,,,,,,,,,
Qatar,12/1/12,726,Thousand barrels per day,,,,,,,,,,,,,,,,,,,,,,,,,,,,
Qatar,1/1/13,728,Thousand barrels per day,,,,,,,,,,,,,,,,,,,,,,,,,,,,
Qatar,2/1/13,738,Thousand barrels per day,,,,,,,,,,,,,,,,,,,,,,,,,,,,
Qatar,3/1/13,720,Thousand barrels per day,,,,,,,,,,,,,,,,,,,,,,,,,,,,
Qatar,4/1/13,727,Thousand barrels per day,,,,,,,,,,,,,,,,,,,,,,,,,,,,
Qatar,5/1/13,723,Thousand barrels per day,,,,,,,,,,,,,,,,,,,,,,,,,,,,
Qatar,6/1/13,721,Thousand barrels per day,,,,,,,,,,,,,,,,,,,,,,,,,,,,
Qatar,7/1/13,722,Thousand barrels per day,,,,,,,,,,,,,,,,,,,,,,,,,,,,
Qatar,8/1/13,714,Thousand barrels per day,,,,,,,,,,,,,,,,,,,,,,,,,,,,
Qatar,9/1/13,719,Thousand barrels per day,,,,,,,,,,,,,,,,,,,,,,,,,,,,
Qatar,10/1/13,723,Thousand barrels per day,,,,,,,,,,,,,,,,,,,,,,,,,,,,
Qatar,11/1/13,719,Thousand barrels per day,,,,,,,,,,,,,,,,,,,,,,,,,,,,
Qatar,12/1/13,733,Thousand barrels per day,,,,,,,,,,,,,,,,,,,,,,,,,,,,
Qatar,1/1/14,732,Thousand barrels per day,,,,,,,,,,,,,,,,,,,,,,,,,,,,
Qatar,2/1/14,734,Thousand barrels per day,,,,,,,,,,,,,,,,,,,,,,,,,,,,
Qatar,3/1/14,710,Thousand barrels per day,,,,,,,,,,,,,,,,,,,,,,,,,,,,
Qatar,4/1/14,701,Thousand barrels per day,,,,,,,,,,,,,,,,,,,,,,,,,,,,
Qatar,5/1/14,701,Thousand barrels per day,,,,,,,,,,,,,,,,,,,,,,,,,,,,
Qatar,6/1/14,729,Thousand barrels per day,,,,,,,,,,,,,,,,,,,,,,,,,,,,
Qatar,7/1/14,734,Thousand barrels per day,,,,,,,,,,,,,,,,,,,,,,,,,,,,
Qatar,8/1/14,734,Thousand barrels per day,,,,,,,,,,,,,,,,,,,,,,,,,,,,
Qatar,9/1/14,690,Thousand barrels per day,,,,,,,,,,,,,,,,,,,,,,,,,,,,
Qatar,10/1/14,680,Thousand barrels per day,,,,,,,,,,,,,,,,,,,,,,,,,,,,
Qatar,11/1/14,681,Thousand barrels per day,,,,,,,,,,,,,,,,,,,,,,,,,,,,
Qatar,12/1/14,684,Thousand barrels per day,,,,,,,,,,,,,,,,,,,,,,,,,,,,
Qatar,1/1/15,674,Thousand barrels per day,,,,,,,,,,,,,,,,,,,,,,,,,,,,
Qatar,2/1/15,676,Thousand barrels per day,,,,,,,,,,,,,,,,,,,,,,,,,,,,
Qatar,3/1/15,708,Thousand barrels per day,,,,,,,,,,,,,,,,,,,,,,,,,,,,
Qatar,4/1/15,635,Thousand barrels per day,,,,,,,,,,,,,,,,,,,,,,,,,,,,
Qatar,5/1/15,642,Thousand barrels per day,,,,,,,,,,,,,,,,,,,,,,,,,,,,
Qatar,6/1/15,664,Thousand barrels per day,,,,,,,,,,,,,,,,,,,,,,,,,,,,
Qatar,7/1/15,613,Thousand barrels per day,,,,,,,,,,,,,,,,,,,,,,,,,,,,
Qatar,8/1/15,643,Thousand barrels per day,,,,,,,,,,,,,,,,,,,,,,,,,,,,
Qatar,9/1/15,663,Thousand barrels per day,,,,,,,,,,,,,,,,,,,,,,,,,,,,
Qatar,10/1/15,639,Thousand barrels per day,,,,,,,,,,,,,,,,,,,,,,,,,,,,
Qatar,11/1/15,683,Thousand barrels per day,,,,,,,,,,,,,,,,,,,,,,,,,,,,
Qatar,12/1/15,632,Thousand barrels per day,,,,,,,,,,,,,,,,,,,,,,,,,,,,
Qatar,1/1/16,637,Thousand barrels per day,,,,,,,,,,,,,,,,,,,,,,,,,,,,
Qatar,2/1/16,692,Thousand barrels per day,,,,,,,,,,,,,,,,,,,,,,,,,,,,
Qatar,3/1/16,699,Thousand barrels per day,,,,,,,,,,,,,,,,,,,,,,,,,,,,
Qatar,4/1/16,625,Thousand barrels per day,,,,,,,,,,,,,,,,,,,,,,,,,,,,
Qatar,5/1/16,671,Thousand barrels per day,,,,,,,,,,,,,,,,,,,,,,,,,,,,
Qatar,6/1/16,670,Thousand barrels per day,,,,,,,,,,,,,,,,,,,,,,,,,,,,
Qatar,7/1/16,677,Thousand barrels per day,,,,,,,,,,,,,,,,,,,,,,,,,,,,
Qatar,8/1/16,643,Thousand barrels per day,,,,,,,,,,,,,,,,,,,,,,,,,,,,
Qatar,9/1/16,610,Thousand barrels per day,,,,,,,,,,,,,,,,,,,,,,,,,,,,
Qatar,10/1/16,639,Thousand barrels per day,,,,,,,,,,,,,,,,,,,,,,,,,,,,
Qatar,11/1/16,646,Thousand barrels per day,,,,,,,,,,,,,,,,,,,,,,,,,,,,
Qatar,12/1/16,611,Thousand barrels per day,,,,,,,,,,,,,,,,,,,,,,,,,,,,
Qatar,1/1/17,615,Thousand barrels per day,,,,,,,,,,,,,,,,,,,,,,,,,,,,
Qatar,2/1/17,545,Thousand barrels per day,,,,,,,,,,,,,,,,,,,,,,,,,,,,
Qatar,3/1/17,621,Thousand barrels per day,,,,,,,,,,,,,,,,,,,,,,,,,,,,
Qatar,4/1/17,619,Thousand barrels per day,,,,,,,,,,,,,,,,,,,,,,,,,,,,
Qatar,5/1/17,594,Thousand barrels per day,,,,,,,,,,,,,,,,,,,,,,,,,,,,
Qatar,6/1/17,611,Thousand barrels per day,,,,,,,,,,,,,,,,,,,,,,,,,,,,
Qatar,7/1/17,611,Thousand barrels per day,,,,,,,,,,,,,,,,,,,,,,,,,,,,
Qatar,8/1/17,585,Thousand barrels per day,,,,,,,,,,,,,,,,,,,,,,,,,,,,
Qatar,9/1/17,571,Thousand barrels per day,,,,,,,,,,,,,,,,,,,,,,,,,,,,
Qatar,10/1/17,596,Thousand barrels per day,,,,,,,,,,,,,,,,,,,,,,,,,,,,
Qatar,11/1/17,615,Thousand barrels per day,,,,,,,,,,,,,,,,,,,,,,,,,,,,
Qatar,12/1/17,612,Thousand barrels per day,,,,,,,,,,,,,,,,,,,,,,,,,,,,
Qatar,1/1/18,621,Thousand barrels per day,,,,,,,,,,,,,,,,,,,,,,,,,,,,
Qatar,2/1/18,539,Thousand barrels per day,,,,,,,,,,,,,,,,,,,,,,,,,,,,
Qatar,3/1/18,616,Thousand barrels per day,,,,,,,,,,,,,,,,,,,,,,,,,,,,
Qatar,4/1/18,578,Thousand barrels per day,,,,,,,,,,,,,,,,,,,,,,,,,,,,
Qatar,5/1/18,601,Thousand barrels per day,,,,,,,,,,,,,,,,,,,,,,,,,,,,
Qatar,6/1/18,622,Thousand barrels per day,,,,,,,,,,,,,,,,,,,,,,,,,,,,
Qatar,7/1/18,619,Thousand barrels per day,,,,,,,,,,,,,,,,,,,,,,,,,,,,
Qatar,8/1/18,612,Thousand barrels per day,,,,,,,,,,,,,,,,,,,,,,,,,,,,
Qatar,9/1/18,570,Thousand barrels per day,,,,,,,,,,,,,,,,,,,,,,,,,,,,
Qatar,10/1/18,609,Thousand barrels per day,,,,,,,,,,,,,,,,,,,,,,,,,,,,
Qatar,11/1/18,579,Thousand barrels per day,,,,,,,,,,,,,,,,,,,,,,,,,,,,
Qatar,12/1/18,615,Thousand barrels per day,,,,,,,,,,,,,,,,,,,,,,,,,,,,
Saudi Arabia,1/1/09,8102,Thousand barrels per day,,,,,,,,,,,,,,,,,,,,,,,,,,,,
Saudi Arabia,2/1/09,8065,Thousand barrels per day,,,,,,,,,,,,,,,,,,,,,,,,,,,,
Saudi Arabia,3/1/09,8358,Thousand barrels per day,,,,,,,,,,,,,,,,,,,,,,,,,,,,
Saudi Arabia,4/1/09,8038,Thousand barrels per day,,,,,,,,,,,,,,,,,,,,,,,,,,,,
Saudi Arabia,5/1/09,8213,Thousand barrels per day,,,,,,,,,,,,,,,,,,,,,,,,,,,,
Saudi Arabia,6/1/09,8357,Thousand barrels per day,,,,,,,,,,,,,,,,,,,,,,,,,,,,
Saudi Arabia,7/1/09,8243,Thousand barrels per day,,,,,,,,,,,,,,,,,,,,,,,,,,,,
Saudi Arabia,8/1/09,8189,Thousand barrels per day,,,,,,,,,,,,,,,,,,,,,,,,,,,,
Saudi Arabia,9/1/09,8191,Thousand barrels per day,,,,,,,,,,,,,,,,,,,,,,,,,,,,
Saudi Arabia,10/1/09,8284,Thousand barrels per day,,,,,,,,,,,,,,,,,,,,,,,,,,,,
Saudi Arabia,11/1/09,8219,Thousand barrels per day,,,,,,,,,,,,,,,,,,,,,,,,,,,,
Saudi Arabia,12/1/09,7945,Thousand barrels per day,,,,,,,,,,,,,,,,,,,,,,,,,,,,
Saudi Arabia,1/1/10,8188,Thousand barrels per day,,,,,,,,,,,,,,,,,,,,,,,,,,,,
Saudi Arabia,2/1/10,8106,Thousand barrels per day,,,,,,,,,,,,,,,,,,,,,,,,,,,,
Saudi Arabia,3/1/10,8181,Thousand barrels per day,,,,,,,,,,,,,,,,,,,,,,,,,,,,
Saudi Arabia,4/1/10,8170,Thousand barrels per day,,,,,,,,,,,,,,,,,,,,,,,,,,,,
Saudi Arabia,5/1/10,8066,Thousand barrels per day,,,,,,,,,,,,,,,,,,,,,,,,,,,,
Saudi Arabia,6/1/10,8073,Thousand barrels per day,,,,,,,,,,,,,,,,,,,,,,,,,,,,
Saudi Arabia,7/1/10,8177,Thousand barrels per day,,,,,,,,,,,,,,,,,,,,,,,,,,,,
Saudi Arabia,8/1/10,8168,Thousand barrels per day,,,,,,,,,,,,,,,,,,,,,,,,,,,,
Saudi Arabia,9/1/10,8063,Thousand barrels per day,,,,,,,,,,,,,,,,,,,,,,,,,,,,
Saudi Arabia,10/1/10,8162,Thousand barrels per day,,,,,,,,,,,,,,,,,,,,,,,,,,,,
Saudi Arabia,11/1/10,8259,Thousand barrels per day,,,,,,,,,,,,,,,,,,,,,,,,,,,,
Saudi Arabia,12/1/10,8365,Thousand barrels per day,,,,,,,,,,,,,,,,,,,,,,,,,,,,
Saudi Arabia,1/1/11,8514,Thousand barrels per day,,,,,,,,,,,,,,,,,,,,,,,,,,,,
Saudi Arabia,2/1/11,9020,Thousand barrels per day,,,,,,,,,,,,,,,,,,,,,,,,,,,,
Saudi Arabia,3/1/11,8655,Thousand barrels per day,,,,,,,,,,,,,,,,,,,,,,,,,,,,
Saudi Arabia,4/1/11,8820,Thousand barrels per day,,,,,,,,,,,,,,,,,,,,,,,,,,,,
Saudi Arabia,5/1/11,8895,Thousand barrels per day,,,,,,,,,,,,,,,,,,,,,,,,,,,,
Saudi Arabia,6/1/11,9813,Thousand barrels per day,,,,,,,,,,,,,,,,,,,,,,,,,,,,
Saudi Arabia,7/1/11,9606,Thousand barrels per day,,,,,,,,,,,,,,,,,,,,,,,,,,,,
Saudi Arabia,8/1/11,9756,Thousand barrels per day,,,,,,,,,,,,,,,,,,,,,,,,,,,,
Saudi Arabia,9/1/11,9436,Thousand barrels per day,,,,,,,,,,,,,,,,,,,,,,,,,,,,
Saudi Arabia,10/1/11,9362,Thousand barrels per day,,,,,,,,,,,,,,,,,,,,,,,,,,,,
Saudi Arabia,11/1/11,10047,Thousand barrels per day,,,,,,,,,,,,,,,,,,,,,,,,,,,,
Saudi Arabia,12/1/11,9810,Thousand barrels per day,,,,,,,,,,,,,,,,,,,,,,,,,,,,
Saudi Arabia,1/1/12,9871,Thousand barrels per day,,,,,,,,,,,,,,,,,,,,,,,,,,,,
Saudi Arabia,2/1/12,9853,Thousand barrels per day,,,,,,,,,,,,,,,,,,,,,,,,,,,,
Saudi Arabia,3/1/12,9923,Thousand barrels per day,,,,,,,,,,,,,,,,,,,,,,,,,,,,
Saudi Arabia,4/1/12,10102,Thousand barrels per day,,,,,,,,,,,,,,,,,,,,,,,,,,,,
Saudi Arabia,5/1/12,9807,Thousand barrels per day,,,,,,,,,,,,,,,,,,,,,,,,,,,,
Saudi Arabia,6/1/12,10103,Thousand barrels per day,,,,,,,,,,,,,,,,,,,,,,,,,,,,
Saudi Arabia,7/1/12,9801,Thousand barrels per day,,,,,,,,,,,,,,,,,,,,,,,,,,,,
Saudi Arabia,8/1/12,9753,Thousand barrels per day,,,,,,,,,,,,,,,,,,,,,,,,,,,,
Saudi Arabia,9/1/12,9724,Thousand barrels per day,,,,,,,,,,,,,,,,,,,,,,,,,,,,
Saudi Arabia,10/1/12,9724,Thousand barrels per day,,,,,,,,,,,,,,,,,,,,,,,,,,,,
Saudi Arabia,11/1/12,9492,Thousand barrels per day,,,,,,,,,,,,,,,,,,,,,,,,,,,,
Saudi Arabia,12/1/12,9025,Thousand barrels per day,,,,,,,,,,,,,,,,,,,,,,,,,,,,
Saudi Arabia,1/1/13,9050,Thousand barrels per day,,,,,,,,,,,,,,,,,,,,,,,,,,,,
Saudi Arabia,2/1/13,9150,Thousand barrels per day,,,,,,,,,,,,,,,,,,,,,,,,,,,,
Saudi Arabia,3/1/13,9136,Thousand barrels per day,,,,,,,,,,,,,,,,,,,,,,,,,,,,
Saudi Arabia,4/1/13,9310,Thousand barrels per day,,,,,,,,,,,,,,,,,,,,,,,,,,,,
Saudi Arabia,5/1/13,9657,Thousand barrels per day,,,,,,,,,,,,,,,,,,,,,,,,,,,,
Saudi Arabia,6/1/13,9642,Thousand barrels per day,,,,,,,,,,,,,,,,,,,,,,,,,,,,
Saudi Arabia,7/1/13,10034,Thousand barrels per day,,,,,,,,,,,,,,,,,,,,,,,,,,,,
Saudi Arabia,8/1/13,10190,Thousand barrels per day,,,,,,,,,,,,,,,,,,,,,,,,,,,,
Saudi Arabia,9/1/13,10123,Thousand barrels per day,,,,,,,,,,,,,,,,,,,,,,,,,,,,
Saudi Arabia,10/1/13,9753,Thousand barrels per day,,,,,,,,,,,,,,,,,,,,,,,,,,,,
Saudi Arabia,11/1/13,9746,Thousand barrels per day,,,,,,,,,,,,,,,,,,,,,,,,,,,,
Saudi Arabia,12/1/13,9819,Thousand barrels per day,,,,,,,,,,,,,,,,,,,,,,,,,,,,
Saudi Arabia,1/1/14,9767,Thousand barrels per day,,,,,,,,,,,,,,,,,,,,,,,,,,,,
Saudi Arabia,2/1/14,9850,Thousand barrels per day,,,,,,,,,,,,,,,,,,,,,,,,,,,,
Saudi Arabia,3/1/14,9566,Thousand barrels per day,,,,,,,,,,,,,,,,,,,,,,,,,,,,
Saudi Arabia,4/1/14,9660,Thousand barrels per day,,,,,,,,,,,,,,,,,,,,,,,,,,,,
Saudi Arabia,5/1/14,9705,Thousand barrels per day,,,,,,,,,,,,,,,,,,,,,,,,,,,,
Saudi Arabia,6/1/14,9780,Thousand barrels per day,,,,,,,,,,,,,,,,,,,,,,,,,,,,
Saudi Arabia,7/1/14,10005,Thousand barrels per day,,,,,,,,,,,,,,,,,,,,,,,,,,,,
Saudi Arabia,8/1/14,9597,Thousand barrels per day,,,,,,,,,,,,,,,,,,,,,,,,,,,,
Saudi Arabia,9/1/14,9704,Thousand barrels per day,,,,,,,,,,,,,,,,,,,,,,,,,,,,
Saudi Arabia,10/1/14,9690,Thousand barrels per day,,,,,,,,,,,,,,,,,,,,,,,,,,,,
Saudi Arabia,11/1/14,9610,Thousand barrels per day,,,,,,,,,,,,,,,,,,,,,,,,,,,,
Saudi Arabia,12/1/14,9630,Thousand barrels per day,,,,,,,,,,,,,,,,,,,,,,,,,,,,
Saudi Arabia,1/1/15,9680,Thousand barrels per day,,,,,,,,,,,,,,,,,,,,,,,,,,,,
Saudi Arabia,2/1/15,9636,Thousand barrels per day,,,,,,,,,,,,,,,,,,,,,,,,,,,,
Saudi Arabia,3/1/15,10294,Thousand barrels per day,,,,,,,,,,,,,,,,,,,,,,,,,,,,
Saudi Arabia,4/1/15,10308,Thousand barrels per day,,,,,,,,,,,,,,,,,,,,,,,,,,,,
Saudi Arabia,5/1/15,10333,Thousand barrels per day,,,,,,,,,,,,,,,,,,,,,,,,,,,,
Saudi Arabia,6/1/15,10564,Thousand barrels per day,,,,,,,,,,,,,,,,,,,,,,,,,,,,
Saudi Arabia,7/1/15,10361,Thousand barrels per day,,,,,,,,,,,,,,,,,,,,,,,,,,,,
Saudi Arabia,8/1/15,10265,Thousand barrels per day,,,,,,,,,,,,,,,,,,,,,,,,,,,,
Saudi Arabia,9/1/15,10226,Thousand barrels per day,,,,,,,,,,,,,,,,,,,,,,,,,,,,
Saudi Arabia,10/1/15,10276,Thousand barrels per day,,,,,,,,,,,,,,,,,,,,,,,,,,,,
Saudi Arabia,11/1/15,10186,Thousand barrels per day,,,,,,,,,,,,,,,,,,,,,,,,,,,,
Saudi Arabia,12/1/15,10144,Thousand barrels per day,,,,,,,,,,,,,,,,,,,,,,,,,,,,
Saudi Arabia,1/1/16,10230,Thousand barrels per day,,,,,,,,,,,,,,,,,,,,,,,,,,,,
Saudi Arabia,2/1/16,10220,Thousand barrels per day,,,,,,,,,,,,,,,,,,,,,,,,,,,,
Saudi Arabia,3/1/16,10224,Thousand barrels per day,,,,,,,,,,,,,,,,,,,,,,,,,,,,
Saudi Arabia,4/1/16,10262,Thousand barrels per day,,,,,,,,,,,,,,,,,,,,,,,,,,,,
Saudi Arabia,5/1/16,10270,Thousand barrels per day,,,,,,,,,,,,,,,,,,,,,,,,,,,,
Saudi Arabia,6/1/16,10550,Thousand barrels per day,,,,,,,,,,,,,,,,,,,,,,,,,,,,
Saudi Arabia,7/1/16,10673,Thousand barrels per day,,,,,,,,,,,,,,,,,,,,,,,,,,,,
Saudi Arabia,8/1/16,10630,Thousand barrels per day,,,,,,,,,,,,,,,,,,,,,,,,,,,,
Saudi Arabia,9/1/16,10650,Thousand barrels per day,,,,,,,,,,,,,,,,,,,,,,,,,,,,
Saudi Arabia,10/1/16,10625,Thousand barrels per day,,,,,,,,,,,,,,,,,,,,,,,,,,,,
Saudi Arabia,11/1/16,10720,Thousand barrels per day,,,,,,,,,,,,,,,,,,,,,,,,,,,,
Saudi Arabia,12/1/16,10465,Thousand barrels per day,,,,,,,,,,,,,,,,,,,,,,,,,,,,
Saudi Arabia,1/1/17,9796,Thousand barrels per day,,,,,,,,,,,,,,,,,,,,,,,,,,,,
Saudi Arabia,2/1/17,10011,Thousand barrels per day,,,,,,,,,,,,,,,,,,,,,,,,,,,,
Saudi Arabia,3/1/17,9951,Thousand barrels per day,,,,,,,,,,,,,,,,,,,,,,,,,,,,
Saudi Arabia,4/1/17,9946,Thousand barrels per day,,,,,,,,,,,,,,,,,,,,,,,,,,,,
Saudi Arabia,5/1/17,9880,Thousand barrels per day,,,,,,,,,,,,,,,,,,,,,,,,,,,,
Saudi Arabia,6/1/17,10070,Thousand barrels per day,,,,,,,,,,,,,,,,,,,,,,,,,,,,
Saudi Arabia,7/1/17,10010,Thousand barrels per day,,,,,,,,,,,,,,,,,,,,,,,,,,,,
Saudi Arabia,8/1/17,9951,Thousand barrels per day,,,,,,,,,,,,,,,,,,,,,,,,,,,,
Saudi Arabia,9/1/17,9973,Thousand barrels per day,,,,,,,,,,,,,,,,,,,,,,,,,,,,
Saudi Arabia,10/1/17,10056,Thousand barrels per day,,,,,,,,,,,,,,,,,,,,,,,,,,,,
Saudi Arabia,11/1/17,9891,Thousand barrels per day,,,,,,,,,,,,,,,,,,,,,,,,,,,,
Saudi Arabia,12/1/17,9980,Thousand barrels per day,,,,,,,,,,,,,,,,,,,,,,,,,,,,
Saudi Arabia,1/1/18,9983,Thousand barrels per day,,,,,,,,,,,,,,,,,,,,,,,,,,,,
Saudi Arabia,2/1/18,9935,Thousand barrels per day,,,,,,,,,,,,,,,,,,,,,,,,,,,,
Saudi Arabia,3/1/18,9907,Thousand barrels per day,,,,,,,,,,,,,,,,,,,,,,,,,,,,
Saudi Arabia,4/1/18,9868,Thousand barrels per day,,,,,,,,,,,,,,,,,,,,,,,,,,,,
Saudi Arabia,5/1/18,10030,Thousand barrels per day,,,,,,,,,,,,,,,,,,,,,,,,,,,,
Saudi Arabia,6/1/18,10489,Thousand barrels per day,,,,,,,,,,,,,,,,,,,,,,,,,,,,
Saudi Arabia,7/1/18,10288,Thousand barrels per day,,,,,,,,,,,,,,,,,,,,,,,,,,,,
Saudi Arabia,8/1/18,10412,Thousand barrels per day,,,,,,,,,,,,,,,,,,,,,,,,,,,,
Saudi Arabia,9/1/18,10502,Thousand barrels per day,,,,,,,,,,,,,,,,,,,,,,,,,,,,
Saudi Arabia,10/1/18,10642,Thousand barrels per day,,,,,,,,,,,,,,,,,,,,,,,,,,,,
Saudi Arabia,11/1/18,11093,Thousand barrels per day,,,,,,,,,,,,,,,,,,,,,,,,,,,,
Saudi Arabia,12/1/18,10643,Thousand barrels per day,,,,,,,,,,,,,,,,,,,,,,,,,,,,
United Arab Emirates,1/1/09,2333,Thousand barrels per day,,,,,,,,,,,,,,,,,,,,,,,,,,,,
United Arab Emirates,2/1/09,2223,Thousand barrels per day,,,,,,,,,,,,,,,,,,,,,,,,,,,,
United Arab Emirates,3/1/09,2169,Thousand barrels per day,,,,,,,,,,,,,,,,,,,,,,,,,,,,
United Arab Emirates,4/1/09,2217,Thousand barrels per day,,,,,,,,,,,,,,,,,,,,,,,,,,,,
United Arab Emirates,5/1/09,2235,Thousand barrels per day,,,,,,,,,,,,,,,,,,,,,,,,,,,,
United Arab Emirates,6/1/09,2232,Thousand barrels per day,,,,,,,,,,,,,,,,,,,,,,,,,,,,
United Arab Emirates,7/1/09,2257,Thousand barrels per day,,,,,,,,,,,,,,,,,,,,,,,,,,,,
United Arab Emirates,8/1/09,2239,Thousand barrels per day,,,,,,,,,,,,,,,,,,,,,,,,,,,,
United Arab Emirates,9/1/09,2250,Thousand barrels per day,,,,,,,,,,,,,,,,,,,,,,,,,,,,
United Arab Emirates,10/1/09,2233,Thousand barrels per day,,,,,,,,,,,,,,,,,,,,,,,,,,,,
United Arab Emirates,11/1/09,2236,Thousand barrels per day,,,,,,,,,,,,,,,,,,,,,,,,,,,,
United Arab Emirates,12/1/09,2229,Thousand barrels per day,,,,,,,,,,,,,,,,,,,,,,,,,,,,
United Arab Emirates,1/1/10,2240,Thousand barrels per day,,,,,,,,,,,,,,,,,,,,,,,,,,,,
United Arab Emirates,2/1/10,2243,Thousand barrels per day,,,,,,,,,,,,,,,,,,,,,,,,,,,,
United Arab Emirates,3/1/10,2243,Thousand barrels per day,,,,,,,,,,,,,,,,,,,,,,,,,,,,
United Arab Emirates,4/1/10,2292,Thousand barrels per day,,,,,,,,,,,,,,,,,,,,,,,,,,,,
United Arab Emirates,5/1/10,2342,Thousand barrels per day,,,,,,,,,,,,,,,,,,,,,,,,,,,,
United Arab Emirates,6/1/10,2340,Thousand barrels per day,,,,,,,,,,,,,,,,,,,,,,,,,,,,
United Arab Emirates,7/1/10,2334,Thousand barrels per day,,,,,,,,,,,,,,,,,,,,,,,,,,,,
United Arab Emirates,8/1/10,2339,Thousand barrels per day,,,,,,,,,,,,,,,,,,,,,,,,,,,,
United Arab Emirates,9/1/10,2366,Thousand barrels per day,,,,,,,,,,,,,,,,,,,,,,,,,,,,
United Arab Emirates,10/1/10,2328,Thousand barrels per day,,,,,,,,,,,,,,,,,,,,,,,,,,,,
United Arab Emirates,11/1/10,2339,Thousand barrels per day,,,,,,,,,,,,,,,,,,,,,,,,,,,,
United Arab Emirates,12/1/10,2470,Thousand barrels per day,,,,,,,,,,,,,,,,,,,,,,,,,,,,
United Arab Emirates,1/1/11,2454,Thousand barrels per day,,,,,,,,,,,,,,,,,,,,,,,,,,,,
United Arab Emirates,2/1/11,2486,Thousand barrels per day,,,,,,,,,,,,,,,,,,,,,,,,,,,,
United Arab Emirates,3/1/11,2608,Thousand barrels per day,,,,,,,,,,,,,,,,,,,,,,,,,,,,
United Arab Emirates,4/1/11,2596,Thousand barrels per day,,,,,,,,,,,,,,,,,,,,,,,,,,,,
United Arab Emirates,5/1/11,2646,Thousand barrels per day,,,,,,,,,,,,,,,,,,,,,,,,,,,,
United Arab Emirates,6/1/11,2611,Thousand barrels per day,,,,,,,,,,,,,,,,,,,,,,,,,,,,
United Arab Emirates,7/1/11,2603,Thousand barrels per day,,,,,,,,,,,,,,,,,,,,,,,,,,,,
United Arab Emirates,8/1/11,2595,Thousand barrels per day,,,,,,,,,,,,,,,,,,,,,,,,,,,,
United Arab Emirates,9/1/11,2514,Thousand barrels per day,,,,,,,,,,,,,,,,,,,,,,,,,,,,
United Arab Emirates,10/1/11,2515,Thousand barrels per day,,,,,,,,,,,,,,,,,,,,,,,,,,,,
United Arab Emirates,11/1/11,2584,Thousand barrels per day,,,,,,,,,,,,,,,,,,,,,,,,,,,,
United Arab Emirates,12/1/11,2550,Thousand barrels per day,,,,,,,,,,,,,,,,,,,,,,,,,,,,
United Arab Emirates,1/1/12,2521,Thousand barrels per day,,,,,,,,,,,,,,,,,,,,,,,,,,,,
United Arab Emirates,2/1/12,2608,Thousand barrels per day,,,,,,,,,,,,,,,,,,,,,,,,,,,,
United Arab Emirates,3/1/12,2679,Thousand barrels per day,,,,,,,,,,,,,,,,,,,,,,,,,,,,
United Arab Emirates,4/1/12,2715,Thousand barrels per day,,,,,,,,,,,,,,,,,,,,,,,,,,,,
United Arab Emirates,5/1/12,2383,Thousand barrels per day,,,,,,,,,,,,,,,,,,,,,,,,,,,,
United Arab Emirates,6/1/12,2753,Thousand barrels per day,,,,,,,,,,,,,,,,,,,,,,,,,,,,
United Arab Emirates,7/1/12,2776,Thousand barrels per day,,,,,,,,,,,,,,,,,,,,,,,,,,,,
United Arab Emirates,8/1/12,2713,Thousand barrels per day,,,,,,,,,,,,,,,,,,,,,,,,,,,,
United Arab Emirates,9/1/12,2690,Thousand barrels per day,,,,,,,,,,,,,,,,,,,,,,,,,,,,
United Arab Emirates,10/1/12,2701,Thousand barrels per day,,,,,,,,,,,,,,,,,,,,,,,,,,,,
United Arab Emirates,11/1/12,2674,Thousand barrels per day,,,,,,,,,,,,,,,,,,,,,,,,,,,,
United Arab Emirates,12/1/12,2675,Thousand barrels per day,,,,,,,,,,,,,,,,,,,,,,,,,,,,
United Arab Emirates,1/1/13,3056,Thousand barrels per day,,,,,,,,,,,,,,,,,,,,,,,,,,,,
United Arab Emirates,2/1/13,3113,Thousand barrels per day,,,,,,,,,,,,,,,,,,,,,,,,,,,,
United Arab Emirates,3/1/13,3007,Thousand barrels per day,,,,,,,,,,,,,,,,,,,,,,,,,,,,
United Arab Emirates,4/1/13,3034,Thousand barrels per day,,,,,,,,,,,,,,,,,,,,,,,,,,,,
United Arab Emirates,5/1/13,3024,Thousand barrels per day,,,,,,,,,,,,,,,,,,,,,,,,,,,,
United Arab Emirates,6/1/13,3102,Thousand barrels per day,,,,,,,,,,,,,,,,,,,,,,,,,,,,
United Arab Emirates,7/1/13,3153,Thousand barrels per day,,,,,,,,,,,,,,,,,,,,,,,,,,,,
United Arab Emirates,8/1/13,3092,Thousand barrels per day,,,,,,,,,,,,,,,,,,,,,,,,,,,,
United Arab Emirates,9/1/13,3152,Thousand barrels per day,,,,,,,,,,,,,,,,,,,,,,,,,,,,
United Arab Emirates,10/1/13,3067,Thousand barrels per day,,,,,,,,,,,,,,,,,,,,,,,,,,,,
United Arab Emirates,11/1/13,2804,Thousand barrels per day,,,,,,,,,,,,,,,,,,,,,,,,,,,,
United Arab Emirates,12/1/13,2974,Thousand barrels per day,,,,,,,,,,,,,,,,,,,,,,,,,,,,
United Arab Emirates,1/1/14,2970,Thousand barrels per day,,,,,,,,,,,,,,,,,,,,,,,,,,,,
United Arab Emirates,2/1/14,3043,Thousand barrels per day,,,,,,,,,,,,,,,,,,,,,,,,,,,,
United Arab Emirates,3/1/14,3003,Thousand barrels per day,,,,,,,,,,,,,,,,,,,,,,,,,,,,
United Arab Emirates,4/1/14,2830,Thousand barrels per day,,,,,,,,,,,,,,,,,,,,,,,,,,,,
United Arab Emirates,5/1/14,3090,Thousand barrels per day,,,,,,,,,,,,,,,,,,,,,,,,,,,,
United Arab Emirates,6/1/14,3108,Thousand barrels per day,,,,,,,,,,,,,,,,,,,,,,,,,,,,
United Arab Emirates,7/1/14,3148,Thousand barrels per day,,,,,,,,,,,,,,,,,,,,,,,,,,,,
United Arab Emirates,8/1/14,3171,Thousand barrels per day,,,,,,,,,,,,,,,,,,,,,,,,,,,,
United Arab Emirates,9/1/14,3072,Thousand barrels per day,,,,,,,,,,,,,,,,,,,,,,,,,,,,
United Arab Emirates,10/1/14,2908,Thousand barrels per day,,,,,,,,,,,,,,,,,,,,,,,,,,,,
United Arab Emirates,11/1/14,2938,Thousand barrels per day,,,,,,,,,,,,,,,,,,,,,,,,,,,,
United Arab Emirates,12/1/14,3156,Thousand barrels per day,,,,,,,,,,,,,,,,,,,,,,,,,,,,
United Arab Emirates,1/1/15,3186,Thousand barrels per day,,,,,,,,,,,,,,,,,,,,,,,,,,,,
United Arab Emirates,2/1/15,3215,Thousand barrels per day,,,,,,,,,,,,,,,,,,,,,,,,,,,,
United Arab Emirates,3/1/15,3126,Thousand barrels per day,,,,,,,,,,,,,,,,,,,,,,,,,,,,
United Arab Emirates,4/1/15,3152,Thousand barrels per day,,,,,,,,,,,,,,,,,,,,,,,,,,,,
United Arab Emirates,5/1/15,3248,Thousand barrels per day,,,,,,,,,,,,,,,,,,,,,,,,,,,,
United Arab Emirates,6/1/15,3204,Thousand barrels per day,,,,,,,,,,,,,,,,,,,,,,,,,,,,
United Arab Emirates,7/1/15,3309,Thousand barrels per day,,,,,,,,,,,,,,,,,,,,,,,,,,,,
United Arab Emirates,8/1/15,3270,Thousand barrels per day,,,,,,,,,,,,,,,,,,,,,,,,,,,,
United Arab Emirates,9/1/15,3250,Thousand barrels per day,,,,,,,,,,,,,,,,,,,,,,,,,,,,
United Arab Emirates,10/1/15,3212,Thousand barrels per day,,,,,,,,,,,,,,,,,,,,,,,,,,,,
United Arab Emirates,11/1/15,3271,Thousand barrels per day,,,,,,,,,,,,,,,,,,,,,,,,,,,,
United Arab Emirates,12/1/15,3239,Thousand barrels per day,,,,,,,,,,,,,,,,,,,,,,,,,,,,
United Arab Emirates,1/1/16,3369,Thousand barrels per day,,,,,,,,,,,,,,,,,,,,,,,,,,,,
United Arab Emirates,2/1/16,3003,Thousand barrels per day,,,,,,,,,,,,,,,,,,,,,,,,,,,,
United Arab Emirates,3/1/16,3131,Thousand barrels per day,,,,,,,,,,,,,,,,,,,,,,,,,,,,
United Arab Emirates,4/1/16,3040,Thousand barrels per day,,,,,,,,,,,,,,,,,,,,,,,,,,,,
United Arab Emirates,5/1/16,3355,Thousand barrels per day,,,,,,,,,,,,,,,,,,,,,,,,,,,,
United Arab Emirates,6/1/16,3418,Thousand barrels per day,,,,,,,,,,,,,,,,,,,,,,,,,,,,
United Arab Emirates,7/1/16,3418,Thousand barrels per day,,,,,,,,,,,,,,,,,,,,,,,,,,,,
United Arab Emirates,8/1/16,3396,Thousand barrels per day,,,,,,,,,,,,,,,,,,,,,,,,,,,,
United Arab Emirates,9/1/16,3415,Thousand barrels per day,,,,,,,,,,,,,,,,,,,,,,,,,,,,
United Arab Emirates,10/1/16,3414,Thousand barrels per day,,,,,,,,,,,,,,,,,,,,,,,,,,,,
United Arab Emirates,11/1/16,3410,Thousand barrels per day,,,,,,,,,,,,,,,,,,,,,,,,,,,,
United Arab Emirates,12/1/16,3441,Thousand barrels per day,,,,,,,,,,,,,,,,,,,,,,,,,,,,
United Arab Emirates,1/1/17,3272,Thousand barrels per day,,,,,,,,,,,,,,,,,,,,,,,,,,,,
United Arab Emirates,2/1/17,3176,Thousand barrels per day,,,,,,,,,,,,,,,,,,,,,,,,,,,,
United Arab Emirates,3/1/17,3168,Thousand barrels per day,,,,,,,,,,,,,,,,,,,,,,,,,,,,
United Arab Emirates,4/1/17,3208,Thousand barrels per day,,,,,,,,,,,,,,,,,,,,,,,,,,,,
United Arab Emirates,5/1/17,3206,Thousand barrels per day,,,,,,,,,,,,,,,,,,,,,,,,,,,,
United Arab Emirates,6/1/17,3206,Thousand barrels per day,,,,,,,,,,,,,,,,,,,,,,,,,,,,
United Arab Emirates,7/1/17,3217,Thousand barrels per day,,,,,,,,,,,,,,,,,,,,,,,,,,,,
United Arab Emirates,8/1/17,3195,Thousand barrels per day,,,,,,,,,,,,,,,,,,,,,,,,,,,,
United Arab Emirates,9/1/17,3185,Thousand barrels per day,,,,,,,,,,,,,,,,,,,,,,,,,,,,
United Arab Emirates,10/1/17,3174,Thousand barrels per day,,,,,,,,,,,,,,,,,,,,,,,,,,,,
United Arab Emirates,11/1/17,3120,Thousand barrels per day,,,,,,,,,,,,,,,,,,,,,,,,,,,,
United Arab Emirates,12/1/17,3087,Thousand barrels per day,,,,,,,,,,,,,,,,,,,,,,,,,,,,
United Arab Emirates,1/1/18,3057,Thousand barrels per day,,,,,,,,,,,,,,,,,,,,,,,,,,,,
United Arab Emirates,2/1/18,2955,Thousand barrels per day,,,,,,,,,,,,,,,,,,,,,,,,,,,,
United Arab Emirates,3/1/18,3075,Thousand barrels per day,,,,,,,,,,,,,,,,,,,,,,,,,,,,
United Arab Emirates,4/1/18,3110,Thousand barrels per day,,,,,,,,,,,,,,,,,,,,,,,,,,,,
United Arab Emirates,5/1/18,3119,Thousand barrels per day,,,,,,,,,,,,,,,,,,,,,,,,,,,,
United Arab Emirates,6/1/18,3198,Thousand barrels per day,,,,,,,,,,,,,,,,,,,,,,,,,,,,
United Arab Emirates,7/1/18,3223,Thousand barrels per day,,,,,,,,,,,,,,,,,,,,,,,,,,,,
United Arab Emirates,8/1/18,3214,Thousand barrels per day,,,,,,,,,,,,,,,,,,,,,,,,,,,,
United Arab Emirates,9/1/18,3322,Thousand barrels per day,,,,,,,,,,,,,,,,,,,,,,,,,,,,
United Arab Emirates,10/1/18,3509,Thousand barrels per day,,,,,,,,,,,,,,,,,,,,,,,,,,,,
United Arab Emirates,11/1/18,3566,Thousand barrels per day,,,,,,,,,,,,,,,,,,,,,,,,,,,,
United Arab Emirates,12/1/18,3520,Thousand barrels per day,,,,,,,,,,,,,,,,,,,,,,,,,,,,